357313,aliasing amane_mihiro aqua_eyes bikini blush breasts brown_hair cleavage clouds food hat ice_cream long_hair navel necklace piyopoyo sky swimsuit tree wristwear,https://konachan.com/image/b03f0c558ae550a27916aaf282c55c95/Konachan.com%20-%20357313%20aliasing%20aqua_eyes%20bikini%20blush%20breasts%20brown_hair%20cleavage%20clouds%20food%20hat%20ice_cream%20long_hair%20navel%20necklace%20piyopoyo%20sky%20swimsuit%20tree%20wristwear.jpg,F:\database_learn\k_spider\pictures10\357313.jpg,1,2023-08-28 22:09:09
357191,animal_ears asuma_toki blonde_hair blue_archive blue_eyes blush braids bunny_ears bunnygirl fu-ta halo headphones leotard long_hair microphone tail thighhighs third-party_edit white,https://konachan.com/jpeg/28faede36513cf8349b84b58633dd7c0/Konachan.com%20-%20357191%20animal_ears%20asuma_toki%20blue_eyes%20blush%20braids%20bunny_ears%20bunnygirl%20fu-ta%20halo%20headphones%20leotard%20long_hair%20microphone%20tail%20thighhighs%20white.jpg,F:\database_learn\k_spider\pictures10\357191.jpg,1,2023-08-28 22:09:09
356555,amakano_2 amakano_2+ aqua_eyes azarashi_soft bed blush erect_nipples game_cg gray_hair long_hair no_bra open_shirt piromizu sara_(amakano_2+) shirt,https://konachan.com/jpeg/09c68b1583c72a798c7dd8ac82ed8be8/Konachan.com%20-%20356555%20amakano_2%20amakano_2%2B%20aqua_eyes%20azarashi_soft%20bed%20blush%20erect_nipples%20game_cg%20gray_hair%20long_hair%20no_bra%20open_shirt%20piromizu%20sara_%28amakano_2%2B%29%20shirt.jpg,F:\database_learn\k_spider\pictures10\356555.jpg,1,2023-08-28 22:09:09
360776,aqua_eyes blush breasts brown_hair building cat_smile city computer jura night original pink_hair watermark wristwear,https://konachan.com/jpeg/5ef4e82e2ce93e312ce0369cafe684d7/Konachan.com%20-%20360776%20aqua_eyes%20blush%20breasts%20brown_hair%20building%20cat_smile%20city%20computer%20jura%20night%20original%20pink_hair%20watermark%20wristwear.jpg,F:\database_learn\k_spider\pictures10\360776.jpg,1,2023-08-28 22:09:09
356620,bed blue_eyes bra gray_hair long_hair navel original panties ribbons tears tyutaka0427 underwear,https://konachan.com/jpeg/faf0fd1a19821f2e602ef2763fdb15b8/Konachan.com%20-%20356620%20bed%20blue_eyes%20bra%20gray_hair%20long_hair%20navel%20original%20panties%20ribbons%20tears%20tyutaka0427%20underwear.jpg,F:\database_learn\k_spider\pictures10\356620.jpg,1,2023-08-28 22:09:09
360784,arona_(blue_archive) blue_archive blue_hair braids choker clouds headband navel paper school_uniform short_hair skirt sky umbrella zagwei,https://konachan.com/jpeg/0a139e03675e990a4c6ff954d0b2e9a3/Konachan.com%20-%20360784%20arona_%28blue_archive%29%20blue_archive%20blue_hair%20braids%20choker%20clouds%20headband%20navel%20paper%20school_uniform%20short_hair%20skirt%20sky%20umbrella%20zagwei.jpg,F:\database_learn\k_spider\pictures10\360784.jpg,1,2023-08-28 22:09:09
355030,book computer original signed sketch teddy_bear tree xilmo,https://konachan.com/jpeg/76794f818a358371942e3392fe257c6a/Konachan.com%20-%20355030%20book%20computer%20original%20signed%20sketch%20teddy_bear%20tree%20xilmo.jpg,F:\database_learn\k_spider\pictures10\355030.jpg,1,2023-08-28 22:09:09
361431,blush close gloves honkai_(series) honkai:_star_rail kafka_(honkai:_star_rail) moda_(mo_da_3) purple_eyes purple_hair shirt shorts sunglasses,https://konachan.com/image/9e6ff63c19fd22d5d443aa562c74cb80/Konachan.com%20-%20361431%20blush%20close%20gloves%20honkai_%28series%29%20honkai%3A_star_rail%20kafka_%28honkai%3A_star_rail%29%20moda_%28mo_da_3%29%20purple_eyes%20purple_hair%20shirt%20shorts%20sunglasses.jpg,F:\database_learn\k_spider\pictures10\361431.jpg,1,2023-08-28 22:09:09
359062,armor artoria_pendragon_(all) blonde_hair cape fate_(series) gradient green_eyes naruwe saber short_hair sword weapon,https://konachan.com/jpeg/6a52d56f937e3951b93b41e8613821c1/Konachan.com%20-%20359062%20armor%20artoria_pendragon_%28all%29%20blonde_hair%20cape%20fate_%28series%29%20gradient%20green_eyes%20naruwe%20saber%20short_hair%20sword%20weapon.jpg,F:\database_learn\k_spider\pictures10\359062.jpg,1,2023-08-28 22:09:09
361187,blue_hair braids choker close fate/grand_order fate_(series) long_hair mumei_(meiime_) pink_eyes pointed_ears signed tiamat_(fate/grand_order),https://konachan.com/jpeg/e829544440fad842fd1601cb4ff05ee4/Konachan.com%20-%20361187%20blue_hair%20braids%20choker%20close%20fate_grand_order%20fate_%28series%29%20long_hair%20mumei_%28meiime_%29%20pink_eyes%20pointed_ears%20signed%20tiamat_%28fate_grand_order%29.jpg,F:\database_learn\k_spider\pictures10\361187.jpg,1,2023-08-28 22:09:09
358374,animal animal_ears anthropomorphism ass atago_(azur_lane) azur_lane bird black_hair blush clouds drink foxgirl kagiyama_(gen'ei_no_hasha) long_hair manjuu_(azur_lane) panties pantyhose skirt sky underwear upskirt water yellow_eyes,https://konachan.com/jpeg/9bf00b720786da25957dc5533f5514fc/Konachan.com%20-%20358374%20animal%20animal_ears%20ass%20azur_lane%20bird%20black_hair%20blush%20clouds%20drink%20foxgirl%20long_hair%20panties%20pantyhose%20skirt%20sky%20underwear%20upskirt%20water%20yellow_eyes.jpg,F:\database_learn\k_spider\pictures10\358374.jpg,1,2023-08-28 22:09:09
359020,black_hair blush bow bra breasts dildo long_hair masturbation nipples open_shirt original purple_eyes re:shimashima school_uniform shirt skirt spread_legs thighhighs underwear vibrator,https://konachan.com/image/a23af00c220f1400c6a1029c804a4447/Konachan.com%20-%20359020%20black_hair%20blush%20bow%20bra%20breasts%20dildo%20long_hair%20nipples%20open_shirt%20original%20purple_eyes%20shirt%20skirt%20spread_legs%20thighhighs%20underwear%20vibrator.jpg,F:\database_learn\k_spider\pictures10\359020.jpg,1,2023-08-28 22:09:09
357549,animal_ears blush bow breasts cherry_blossoms dress flowers foxgirl gray_hair long_hair no_bra open_shirt original petals ponytail shade shant_07 tail yellow_eyes,https://konachan.com/jpeg/be723736dcd01db2edc471703f561a54/Konachan.com%20-%20357549%20animal_ears%20blush%20bow%20breasts%20dress%20flowers%20foxgirl%20gray_hair%20long_hair%20no_bra%20open_shirt%20original%20petals%20ponytail%20shade%20shant_07%20tail%20yellow_eyes.jpg,F:\database_learn\k_spider\pictures10\357549.jpg,1,2023-08-28 22:09:09
361006,black_hair blush breasts cleavage dark_skin drink fang kaedeko_(kaedelic) original shorts signed summer tan_lines twintails wet wink,https://konachan.com/jpeg/70d523a93e8974122f6538ac45b8d232/Konachan.com%20-%20361006%20black_hair%20blush%20breasts%20cleavage%20dark_skin%20drink%20fang%20kaedeko_%28kaedelic%29%20original%20shorts%20signed%20summer%20tan_lines%20twintails%20wet%20wink.jpg,F:\database_learn\k_spider\pictures10\361006.jpg,1,2023-08-28 22:09:09
356019,bed cameltoe collar elbow_gloves fang gloves gray_hair headband long_hair maid original panties red_eyes skirt_lift suaynnai_wanzi thighhighs underwear,https://konachan.com/jpeg/18fe229097f3bb7fa98e7e99bd48e5c6/Konachan.com%20-%20356019%20bed%20cameltoe%20collar%20elbow_gloves%20fang%20gloves%20gray_hair%20headband%20long_hair%20maid%20original%20panties%20red_eyes%20skirt_lift%20thighhighs%20underwear.jpg,F:\database_learn\k_spider\pictures10\356019.jpg,1,2023-08-28 22:09:09
360756,ajitani_hifumi angel blue_archive blush book bow brown_hair dress group halo hat loli pantyhose pink_eyes pink_hair purple_eyes school_uniform shimoe_koharu shirasu_azusa skirt suppa_(user_jrnj5558) twintails urawa_hanako white_hair wings,https://konachan.com/jpeg/4aef4e3bfe2c30ff5711a8fcb1aba317/Konachan.com%20-%20360756%20angel%20blue_archive%20blush%20book%20bow%20brown_hair%20dress%20group%20halo%20hat%20loli%20pantyhose%20pink_eyes%20pink_hair%20purple_eyes%20skirt%20twintails%20white_hair%20wings.jpg,F:\database_learn\k_spider\pictures10\360756.jpg,1,2023-08-28 22:09:09
355070,animal bird black_hair braids cape hoodie original signed sketch white_hair xilmo,https://konachan.com/jpeg/59a00cbd22bcfb3fea2076276e5eee33/Konachan.com%20-%20355070%20animal%20bird%20black_hair%20braids%20cape%20hoodie%20original%20signed%20sketch%20white_hair%20xilmo.jpg,F:\database_learn\k_spider\pictures10\355070.jpg,1,2023-08-28 22:09:09
360383,breasts brown_hair close mankai_kaika nipples nude original ponytail pubic_hair purple_eyes sketch swim_ring tears,https://konachan.com/image/e00c5c40259faba8192b45285046a244/Konachan.com%20-%20360383%20breasts%20brown_hair%20close%20mankai_kaika%20nipples%20nude%20original%20ponytail%20pubic_hair%20purple_eyes%20sketch%20swim_ring%20tears.jpg,F:\database_learn\k_spider\pictures10\360383.jpg,1,2023-08-28 22:09:09
359299,animal_ears arknights black_hair blonde_hair choker croissant_(arknights) drink elbow_gloves food giovanna_(arknights) gloves gray_eyes gray_hair group hat horns ice_cream lappland_(arknights) long_hair lunacub_(arknights) orange_hair pantyhose penance_(arknights) pocky red_hair scar shirt skirt solfi0211 sora_(arknights) tagme_(character) texas_(arknights) thighhighs tie wolfgirl yellow_eyes zettai_ryouiki,https://konachan.com/image/4c782a723bd20f371bca92fa760b3591/Konachan.com%20-%20359299%20arknights%20choker%20drink%20food%20gloves%20gray_eyes%20group%20hat%20horns%20ice_cream%20long_hair%20pantyhose%20pocky%20red_hair%20scar%20shirt%20skirt%20solfi0211%20tie%20wolfgirl.jpg,F:\database_learn\k_spider\pictures10\359299.jpg,1,2023-08-28 22:10:11
360841,2girls animal_ears blue_hair blush clouds orange_hair original shirt shoujo_ai sky sunset w_(w64851564),https://konachan.com/jpeg/ac13f917f048982ab1e0bd34ec9a8ee2/Konachan.com%20-%20360841%202girls%20animal_ears%20blue_hair%20blush%20clouds%20orange_hair%20original%20shirt%20shoujo_ai%20sky%20sunset%20w_%28w64851564%29.jpg,F:\database_learn\k_spider\pictures10\360841.jpg,1,2023-08-28 22:10:11
358794,bikini black_hair blush breasts cleavage clouds dress leaves long_hair navel original red_eyes reflection see_through sky swimsuit tagme_(artist) water wet,https://konachan.com/image/e6599f212861b493240dd497abeb630f/Konachan.com%20-%20358794%20bikini%20black_hair%20blush%20breasts%20cleavage%20clouds%20dress%20leaves%20long_hair%20navel%20original%20red_eyes%20reflection%20see_through%20sky%20swimsuit%20water%20wet.jpg,F:\database_learn\k_spider\pictures10\358794.jpg,1,2023-08-28 22:10:11
360717,animal_ears ao_jun ass barefoot blue_eyes blush bow breast_grab breasts brown_eyes bunny bunny_ears bunnygirl choker cleavage fang garter gray_hair long_hair no_bra original panties panty_pull petals pink_hair red_eyes ribbons shirt_lift striped_panties thighhighs underwear wristwear yuri,https://konachan.com/jpeg/947ba11ce5317bccd3bbe760b0f7aebe/Konachan.com%20-%20360717%20ao_jun%20ass%20barefoot%20blush%20bow%20breasts%20bunny%20choker%20cleavage%20fang%20garter%20long_hair%20no_bra%20original%20panties%20petals%20pink_hair%20red_eyes%20ribbons%20yuri.jpg,F:\database_learn\k_spider\pictures10\360717.jpg,1,2023-08-28 22:10:11
357144,aekun_cben animal_ears aqua_eyes beach bikini blue_archive blue_hair blush brown_hair fang group hat izayoi_nonomi long_hair pink_hair shade short_hair signed sunaookami_shiroko swim_ring swimsuit takanashi_hoshino twintails umbrella watermark wolfgirl,https://konachan.com/jpeg/f83691c835647262097c5bb5ba36600c/Konachan.com%20-%20357144%20aqua_eyes%20beach%20bikini%20blue_hair%20blush%20fang%20group%20hat%20long_hair%20pink_hair%20shade%20signed%20swim_ring%20swimsuit%20twintails%20umbrella%20watermark%20wolfgirl.jpg,F:\database_learn\k_spider\pictures10\357144.jpg,1,2023-08-28 22:10:11
360604,black_eyes building city gray_hair naruwe original ruins scenic tree,https://konachan.com/jpeg/10a4bb768f2e06148d7e075b2c71a291/Konachan.com%20-%20360604%20black_eyes%20building%20city%20gray_hair%20naruwe%20original%20ruins%20scenic%20tree.jpg,F:\database_learn\k_spider\pictures10\360604.jpg,1,2023-08-28 22:10:11
361502,2girls ass barefoot black_hair blush breasts long_hair mignon navel nipples nude original purple_eyes sarah-san_(mignon) scan shiro-chan_(mignon) short_hair water wet white_hair,https://konachan.com/jpeg/e309deb42e2b7b4c9b43abce2b8ce0af/Konachan.com%20-%20361502%202girls%20ass%20barefoot%20black_hair%20blush%20breasts%20long_hair%20mignon%20navel%20nipples%20nude%20original%20purple_eyes%20scan%20short_hair%20water%20wet%20white_hair.jpg,F:\database_learn\k_spider\pictures10\361502.jpg,1,2023-08-28 22:10:11
361632,animal animal_ears bow cat catgirl choker clouds drink flowers green_eyes jean_faymas_(vtuber) leaves navel purple_hair rainbow short_hair shorts sky sunflower uyuyuun,https://konachan.com/jpeg/06092112415f6d2a8722729810c534d6/Konachan.com%20-%20361632%20animal%20animal_ears%20bow%20cat%20catgirl%20choker%20clouds%20drink%20flowers%20green_eyes%20leaves%20navel%20purple_hair%20rainbow%20short_hair%20shorts%20sky%20sunflower%20uyuyuun.jpg,F:\database_learn\k_spider\pictures10\361632.jpg,1,2023-08-28 22:10:11
359087,all_male animal blonde_hair dog group instrument male mask onmyouji piano ruoganzhao stairs tagme_(character) yellow_eyes,https://konachan.com/image/c6a60d62e2dd4cd90b6b28a245484363/Konachan.com%20-%20359087%20all_male%20animal%20blonde_hair%20dog%20group%20instrument%20male%20mask%20onmyouji%20piano%20ruoganzhao%20stairs%20tagme_%28character%29%20yellow_eyes.jpg,F:\database_learn\k_spider\pictures10\359087.jpg,1,2023-08-28 22:10:11
359735,barefoot beach bicolored_eyes bikini blue_archive blush cat_smile flowers loli navel paru_364364 pink_hair swimsuit takanashi_hoshino tree twintails,https://konachan.com/jpeg/2ba4409817f5e1c132d23b1bf5173e24/Konachan.com%20-%20359735%20barefoot%20beach%20bicolored_eyes%20bikini%20blue_archive%20blush%20cat_smile%20flowers%20loli%20navel%20paru_364364%20pink_hair%20swimsuit%20takanashi_hoshino%20tree%20twintails.jpg,F:\database_learn\k_spider\pictures10\359735.jpg,1,2023-08-28 22:10:11
361804,blue_eyes blue_hair blush boots breasts clorinde_(genshin_impact) drink furina_(genshin_impact) genshin_impact jjjsss no_bra open_shirt pantyhose paper shirt short_hair,https://konachan.com/image/9e1a3f64836e1fdc69bba256617b3ab3/Konachan.com%20-%20361804%20blue_eyes%20blue_hair%20blush%20boots%20breasts%20drink%20furina_%28genshin_impact%29%20genshin_impact%20jjjsss%20no_bra%20open_shirt%20pantyhose%20paper%20shirt%20short_hair.jpg,F:\database_learn\k_spider\pictures10\361804.jpg,1,2023-08-28 22:10:11
355156,aqua_eyes bed blonde_hair blush breasts catherine catherine_(character) fingering lasterk masturbation nipples no_bra panties twintails underwear,https://konachan.com/jpeg/e089a5bb8b2e20f9ccba48c79d124001/Konachan.com%20-%20355156%20aqua_eyes%20bed%20blonde_hair%20blush%20breasts%20catherine%20catherine_%28character%29%20fingering%20lasterk%20masturbation%20nipples%20no_bra%20panties%20twintails%20underwear.jpg,F:\database_learn\k_spider\pictures10\355156.jpg,1,2023-08-28 22:10:11
358485,blush camera honkai_(series) honkai:_star_rail icetea774 march_7th_(honkai:_star_rail) phone pink_hair short_hair skirt,https://konachan.com/jpeg/dac07400d7ed39647fb5ad195c2598c6/Konachan.com%20-%20358485%20blush%20camera%20honkai_%28series%29%20honkai%3A_star_rail%20icetea774%20march_7th_%28honkai%3A_star_rail%29%20phone%20pink_hair%20short_hair%20skirt.jpg,F:\database_learn\k_spider\pictures10\358485.jpg,1,2023-08-28 22:10:11
359383,ass blue_eyes blush bow breasts gray_hair long_hair navel nipples nude original pussy re:shimashima spread_legs third-party_edit uncensored wet,https://konachan.com/jpeg/23ff336b632334955ccd10f8f5412595/Konachan.com%20-%20359383%20ass%20blue_eyes%20blush%20bow%20breasts%20gray_hair%20long_hair%20navel%20nipples%20nude%20original%20pussy%20re%3Ashimashima%20spread_legs%20third-party_edit%20uncensored%20wet.jpg,F:\database_learn\k_spider\pictures10\359383.jpg,1,2023-08-28 22:10:11
360923,2girls black_hair breasts collar fang kaedeko_(kaedelic) original ponytail purple_eyes school_uniform shorts signed skirt tie twintails,https://konachan.com/jpeg/b28b0dc9c3ac6213e9a0eb61e140308f/Konachan.com%20-%20360923%202girls%20black_hair%20breasts%20collar%20fang%20kaedeko_%28kaedelic%29%20original%20ponytail%20purple_eyes%20school_uniform%20shorts%20signed%20skirt%20tie%20twintails.jpg,F:\database_learn\k_spider\pictures10\360923.jpg,1,2023-08-28 22:10:11
356699,black_eyes black_hair dress long_hair original pantyhose sakuragi_kei space,https://konachan.com/image/18ddc1c812ca87de87e815be3aa6e3bf/Konachan.com%20-%20356699%20black_eyes%20black_hair%20dress%20long_hair%20original%20pantyhose%20sakuragi_kei%20space.jpg,F:\database_learn\k_spider\pictures10\356699.jpg,1,2023-08-28 22:10:11
360286,2girls angel aqua_eyes barefoot black_hair choker feathers flowers long_hair mullpull original petals red_eyes ribbons watermark white_hair wings wristwear,https://konachan.com/image/61a274d026059f60a93b62c6430db11c/Konachan.com%20-%20360286%202girls%20angel%20aqua_eyes%20barefoot%20choker%20feathers%20flowers%20long_hair%20mullpull%20original%20petals%20red_eyes%20ribbons%20watermark%20white_hair%20wings%20wristwear.jpg,F:\database_learn\k_spider\pictures10\360286.jpg,1,2023-08-28 22:10:12
361313,barefoot bronya_rand close footjob honkai_(series) honkai:_star_rail pela_(honkai:_star_rail) pubic_hair pussy ririko_(fhnngririko) seele_(honkai:_star_rail) signed uncensored yuri,https://konachan.com/jpeg/f6b5a0cb1aad5ab8a1d0b6a6a3586089/Konachan.com%20-%20361313%20barefoot%20bronya_rand%20close%20footjob%20honkai%3A_star_rail%20honkai_%28series%29%20pubic_hair%20pussy%20ririko_%28fhnngririko%29%20signed%20uncensored%20yuri.jpg,F:\database_learn\k_spider\pictures10\361313.jpg,1,2023-08-28 22:10:12
356985,bed braids demizu_posuka food original sketch sleeping watermark,https://konachan.com/image/c68e99a86a5165659c61d6a5b88aa640/Konachan.com%20-%20356985%20bed%20braids%20demizu_posuka%20food%20original%20sketch%20sleeping%20watermark.jpg,F:\database_learn\k_spider\pictures10\356985.jpg,1,2023-08-28 22:10:12
356818,animal anus ass asuma_toki blonde_hair blue_archive blue_eyes bondage breasts chain collar dog halo headband letdie1414 nipples nude pussy short_hair uncensored,https://konachan.com/jpeg/aaa067ae889f144810568248fcceaf57/Konachan.com%20-%20356818%20animal%20anus%20ass%20asuma_toki%20blonde_hair%20blue_eyes%20bondage%20breasts%20chain%20collar%20dog%20halo%20headband%20letdie1414%20nipples%20nude%20pussy%20short_hair%20uncensored.jpg,F:\database_learn\k_spider\pictures10\356818.jpg,1,2023-08-28 23:23:29
357625,arknights brown_hair choker flowers greypidjun leaves long_hair magic muelsyse_(arknights) pointed_ears umbrella water yellow_eyes,https://konachan.com/jpeg/549a80bbbd102cb96fcad38ffbf56023/Konachan.com%20-%20357625%20arknights%20brown_hair%20choker%20flowers%20greypidjun%20leaves%20long_hair%20magic%20muelsyse_%28arknights%29%20pointed_ears%20umbrella%20water%20yellow_eyes.jpg,F:\database_learn\k_spider\pictures10\357625.jpg,1,2023-08-28 23:23:43
355327,2girls aqua_eyes armor ass blue_hair bra breast_hold breasts brown_hair cleavage corset cosplay dress dressing garter_belt glasses gloves green_eyes horns leotard long_hair original panties rotix see_through short_hair skirt skirt_lift stockings sword underwear weapon white yu-gi-oh,https://konachan.com/jpeg/8a320c640f7100c86ae900f019abe515/Konachan.com%20-%20355327%202girls%20armor%20ass%20bra%20breasts%20cleavage%20corset%20cosplay%20dress%20dressing%20glasses%20gloves%20horns%20leotard%20panties%20rotix%20skirt%20sword%20weapon%20white%20yu-gi-oh.jpg,F:\database_learn\k_spider\pictures10\355327.jpg,1,2023-08-28 23:23:56
357099,ass aster_crowley bodysuit cameltoe fate/grand_order fate_(series) scathach_(fate/grand_order) skintight,https://konachan.com/jpeg/c528c818ab3ef1118934193aae6120c9/Konachan.com%20-%20357099%20ass%20aster_crowley%20bodysuit%20cameltoe%20fate_grand_order%20fate_%28series%29%20scathach_%28fate_grand_order%29%20skintight.jpg,F:\database_learn\k_spider\pictures10\357099.jpg,1,2023-08-28 23:40:17
356222,animal aqua_eyes bird bow building clouds dress feathers gloves gray_hair niac original sky,https://konachan.com/jpeg/5cc46a887c75f54ec8136c62339cc9bc/Konachan.com%20-%20356222%20animal%20aqua_eyes%20bird%20bow%20building%20clouds%20dress%20feathers%20gloves%20gray_hair%20niac%20original%20sky.jpg,F:\database_learn\k_spider\pictures10\356222.jpg,1,2023-08-28 23:40:27
359893,bed blush bottomless breasts brown_hair genshin_impact hu_tao_(genshin_impact) long_hair nipples open_shirt pussy red_eyes signed thighhighs uncensored vincent_leo,https://konachan.com/image/4f0dc60e3e7c0b89690363af1b5b76f5/Konachan.com%20-%20359893%20bed%20blush%20bottomless%20breasts%20brown_hair%20genshin_impact%20long_hair%20nipples%20open_shirt%20pussy%20red_eyes%20signed%20thighhighs%20uncensored%20vincent_leo.jpg,F:\database_learn\k_spider\pictures10\359893.jpg,1,2023-08-28 23:43:13
357648,animal_ears aqua_eyes black_hair blonde_hair blue_archive blush bow cake cat_smile crying food fruit green_eyes group hanaoka_yuzu headdress headphones maid pink_eyes pink_hair pom_(soupy) ponytail purple_eyes saiba_midori saiba_momoi short_hair strawberry tears tendou_arisu_(blue_archive) twins,https://konachan.com/jpeg/135c5216d8d841d562ab1b0f2a689891/Konachan.com%20-%20357648%20aqua_eyes%20blush%20bow%20cake%20cat_smile%20crying%20food%20fruit%20green_eyes%20group%20headdress%20headphones%20maid%20pink_eyes%20pink_hair%20ponytail%20strawberry%20tears%20twins.jpg,F:\database_learn\k_spider\pictures10\357648.jpg,1,2023-08-28 23:43:21
361816,blush breasts camera censored choker honkai_(series) honkai:_star_rail march_7th_(honkai:_star_rail) nipples open_shirt penis pink_hair purple_eyes pussy sex shirt short_hair skirt takashia_(akimototakashia),https://konachan.com/jpeg/101c2bbf64f72794b17f41c6a9b515c8/Konachan.com%20-%20361816%20blush%20breasts%20camera%20censored%20choker%20honkai%3A_star_rail%20honkai_%28series%29%20nipples%20open_shirt%20penis%20pink_hair%20purple_eyes%20pussy%20sex%20shirt%20short_hair%20skirt.jpg,F:\database_learn\k_spider\pictures10\361816.jpg,1,2023-08-28 23:46:01
360537,3d arknights barefoot choker green_hair leaves ling_dianxia logo long_hair muelsyse_(arknights) pointed_ears skirt wristwear,https://konachan.com/image/ef7d10622527a5564e6bf012287f49c5/Konachan.com%20-%20360537%203d%20arknights%20barefoot%20choker%20green_hair%20leaves%20ling_dianxia%20logo%20long_hair%20muelsyse_%28arknights%29%20pointed_ears%20skirt%20wristwear.jpg,F:\database_learn\k_spider\pictures10\360537.jpg,1,2023-08-28 23:47:30
357529,fate/grand_order fate/prototype fate_(series) flowers gloves gray_hair hoodie long_hair merlin_(fate/prototype) no-kan petals pink_eyes staff,https://konachan.com/jpeg/cce9aef1977ba51e1edab062fb3563c1/Konachan.com%20-%20357529%20fate_grand_order%20fate_prototype%20fate_%28series%29%20flowers%20gloves%20gray_hair%20hoodie%20long_hair%20merlin_%28fate_prototype%29%20no-kan%20petals%20pink_eyes%20staff.jpg,F:\database_learn\k_spider\pictures10\357529.jpg,1,2023-08-28 23:47:30
359510,barefoot black breasts choker cleavage dress gray_eyes gray_hair long_hair original watermark yuki_(o2),https://konachan.com/jpeg/11f3948f237f08d44fa8e85c89b03d8c/Konachan.com%20-%20359510%20barefoot%20black%20breasts%20choker%20cleavage%20dress%20gray_eyes%20gray_hair%20long_hair%20original%20watermark%20yuki_%28o2%29.jpg,F:\database_learn\k_spider\pictures10\359510.jpg,1,2023-08-28 23:47:30
357036,breasts dark_skin fate/grand_order fate_(series) navel nipples queasy_s scheherazade_(fate/grand_order) sex watermark,https://konachan.com/jpeg/be91a6cfb81e0a2052c9f6494c3ef44d/Konachan.com%20-%20357036%20breasts%20dark_skin%20fate_grand_order%20fate_%28series%29%20navel%20nipples%20queasy_s%20scheherazade_%28fate_grand_order%29%20sex%20watermark.jpg,F:\database_learn\k_spider\pictures10\357036.jpg,1,2023-08-28 23:47:42
359861,animal_ears aqua_eyes bandaid black_hair blush cowgirl enpera_(jdud8375) gun hoodie horns original ponytail shorts tail thighhighs weapon,https://konachan.com/jpeg/906258e7000b75b20ff7423c16ae3aa9/Konachan.com%20-%20359861%20animal_ears%20aqua_eyes%20bandaid%20black_hair%20blush%20cowgirl%20enpera_%28jdud8375%29%20gun%20hoodie%20horns%20original%20ponytail%20shorts%20tail%20thighhighs%20weapon.jpg,F:\database_learn\k_spider\pictures10\359861.jpg,1,2023-08-28 23:47:42
359990,blue_eyes blush breasts dress fang florence_(girls_frontline_nc) girls_frontline gloves luai neural_cloud pa-15_(girls_frontline) short_hair thighhighs watermark white_hair,https://konachan.com/image/cac59d2d6d9e1b06d14551f73ffa6f76/Konachan.com%20-%20359990%20blue_eyes%20blush%20breasts%20dress%20fang%20girls_frontline%20gloves%20luai%20neural_cloud%20pa-15_%28girls_frontline%29%20short_hair%20thighhighs%20watermark%20white_hair.jpg,F:\database_learn\k_spider\pictures10\359990.jpg,1,2023-08-28 23:47:42
359602,black_hair blue_gk blush breasts censored navel nipples nude onsen original pubic_hair pussy pussy_juice red_eyes see_through spread_legs towel wet,https://konachan.com/jpeg/49d4dc3133acd5377e3e3543b8f6cfe1/Konachan.com%20-%20359602%20black_hair%20blue_gk%20blush%20breasts%20censored%20navel%20nipples%20nude%20onsen%20original%20pubic_hair%20pussy%20pussy_juice%20red_eyes%20see_through%20spread_legs%20towel%20wet.jpg,F:\database_learn\k_spider\pictures10\359602.jpg,1,2023-08-28 23:48:58
359837,brown_hair clouds dress flowers grass original reinforced signed sky sunflower,https://konachan.com/image/9e99b1bac89cfabd67f2d047e2be1c6f/Konachan.com%20-%20359837%20brown_hair%20clouds%20dress%20flowers%20grass%20original%20reinforced%20signed%20sky%20sunflower.jpg,F:\database_learn\k_spider\pictures10\359837.jpg,1,2023-08-28 23:48:58
360821,black_hair breasts censored dark_skin flowers headdress kuroinu_(game) long_hair navel nextoad nipples nude olga_discordia orange_eyes pointed_ears pussy rose signed spread_legs thighhighs,https://konachan.com/jpeg/9c127f54fa193d5eb9aa8ae0d2c6f315/Konachan.com%20-%20360821%20black_hair%20breasts%20censored%20dark_skin%20flowers%20headdress%20long_hair%20navel%20nextoad%20nipples%20nude%20orange_eyes%20pussy%20rose%20signed%20spread_legs%20thighhighs.jpg,F:\database_learn\k_spider\pictures10\360821.jpg,1,2023-08-28 23:48:58
