358330,3d apple arknights barefoot bikini_top breasts cleavage couch food fruit garter gray_hair ling_dianxia long_hair red_eyes skadi_(arknights) thighhighs,https://konachan.com/image/e2b0db3cd6214c723ab53efa765b1503/Konachan.com%20-%20358330%203d%20apple%20arknights%20barefoot%20bikini_top%20breasts%20cleavage%20couch%20food%20fruit%20garter%20gray_hair%20ling_dianxia%20long_hair%20red_eyes%20thighhighs.jpg,./kimage/358330.jpg,1,2023-10-04 19:35:20
363386,ass breasts gawr_gura hat hololive navel nipples nyantcha penis pubic_hair pussy pussy_juice spread_legs tail uncensored white,https://konachan.com/jpeg/9d0cfed9746d4ef9131a2692827b9c3f/Konachan.com%20-%20363386%20ass%20breasts%20gawr_gura%20hat%20hololive%20navel%20nipples%20nyantcha%20penis%20pubic_hair%20pussy%20pussy_juice%20spread_legs%20tail%20uncensored%20white.jpg,./kimage/363386.jpg,1,2023-10-04 19:35:20
359172,anal anila_(granblue_fantasy) animal_ears asanagi ass bell bikini blonde_hair blue_hair blush breasts brown_eyes collar cowgirl dark_skin elbow_gloves gloves gradient granblue_fantasy horns kuvira_(granblue_fantasy) long_hair nipples pointed_ears red_eyes shatola_(granblue_fantasy) sheepgirl swimsuit tail thighhighs topless vibrator,https://konachan.com/image/d0f1fa4223263ba4ae8b5b5fb3187bc0/Konachan.com%20-%20359172%20anal%20asanagi%20ass%20bell%20bikini%20blue_hair%20blush%20breasts%20collar%20cowgirl%20dark_skin%20gloves%20gradient%20horns%20nipples%20red_eyes%20swimsuit%20tail%20topless%20vibrator.jpg,./kimage/359172.jpg,1,2023-10-04 19:35:33
362317,animal_ears blush breasts catgirl cleavage close collar fang heart hololive naked_shirt nekomata_okayu no_bra open_shirt purple_eyes purple_hair ribbons see_through shirt short_hair tail temari_rin,https://konachan.com/image/6a9063fca7b0f64c1d915df8d5c3563b/Konachan.com%20-%20362317%20blush%20breasts%20catgirl%20cleavage%20close%20collar%20fang%20heart%20hololive%20naked_shirt%20no_bra%20open_shirt%20ribbons%20see_through%20shirt%20short_hair%20tail%20temari_rin.jpg,./kimage/362317.jpg,1,2023-10-04 19:35:33
361672,animal_ears blue_eyes blush bow brown_hair catgirl computer flowers hat heripiro huion long_hair magic original petals rose school_uniform shirt skirt socks water,https://konachan.com/jpeg/c4c1336c34fad207fcc35b5e884073f7/Konachan.com%20-%20361672%20animal_ears%20blue_eyes%20blush%20bow%20brown_hair%20catgirl%20computer%20flowers%20hat%20heripiro%20huion%20long_hair%20magic%20original%20petals%20rose%20shirt%20skirt%20socks%20water.jpg,./kimage/361672.jpg,1,2023-10-04 19:35:39
358152,anthropomorphism anus azur_lane bed braids breasts brown_eyes brown_hair butterfly hiei_(azur_lane) kamue long_hair nipples nude pussy spread_pussy thighhighs uncensored,https://konachan.com/jpeg/28a02605a3d98298d0d5cb07d0d76aae/Konachan.com%20-%20358152%20anus%20azur_lane%20bed%20braids%20breasts%20brown_eyes%20brown_hair%20butterfly%20kamue%20long_hair%20nipples%20nude%20pussy%20spread_pussy%20thighhighs%20uncensored.jpg,./kimage/358152.jpg,1,2023-10-04 19:35:39
357411,animal animal_ears bell bikini brown_hair dylannn fox foxgirl green_eyes honkai_(series) honkai:_star_rail ponytail swimsuit tail tingyun_(honkai:_star_rail) undressing,https://konachan.com/image/5d96c4ce5e076c554caae7cb50544453/Konachan.com%20-%20357411%20animal%20animal_ears%20bell%20bikini%20brown_hair%20dylannn%20fox%20foxgirl%20green_eyes%20honkai%3A_star_rail%20honkai_%28series%29%20ponytail%20swimsuit%20tail%20undressing.jpg,./kimage/357411.jpg,1,2023-10-04 19:35:45
359176,barefoot blush cameltoe long_hair original purple_eyes purple_hair spread_legs sugimura_tomokazu swimsuit twintails,https://konachan.com/image/3ff44b56cc1bfe8051e5f7d8205fe7a3/Konachan.com%20-%20359176%20barefoot%20blush%20cameltoe%20long_hair%20original%20purple_eyes%20purple_hair%20spread_legs%20sugimura_tomokazu%20swimsuit%20twintails.jpg,./kimage/359176.jpg,1,2023-10-04 19:35:45
360061,aliasing animal_ears ass blanc_(nikke) blush breasts bunny_ears bunnygirl fang goddess_of_victory:_nikke gradient gray_hair gun leotard long_hair maki_(user_fyjx4337) orange_eyes stockings tail weapon wristwear zoom_layer,https://konachan.com/image/e052c301a170b9106ebb800d84f52a1b/Konachan.com%20-%20360061%20aliasing%20ass%20blush%20breasts%20bunny_ears%20bunnygirl%20fang%20gradient%20gray_hair%20gun%20leotard%20long_hair%20orange_eyes%20stockings%20tail%20weapon%20wristwear%20zoom_layer.jpg,./kimage/360061.jpg,1,2023-10-04 19:35:52
358615,bikini blonde_hair blue_eyes blush breast_hold breasts choker clouds erect_nipples fate/grand_order fate_(series) long_hair marie_antoinette_(fate/grand_order) mitsu_(mitsu_art) nipples see_through sky swimsuit twintails water watermark wet wristwear,https://konachan.com/jpeg/94dc4a642d862c0a9debdd1208738af6/Konachan.com%20-%20358615%20bikini%20blue_eyes%20blush%20breast_hold%20breasts%20choker%20clouds%20long_hair%20nipples%20see_through%20sky%20swimsuit%20twintails%20water%20watermark%20wet%20wristwear.jpg,./kimage/358615.jpg,1,2023-10-04 19:35:52
361645,blue_archive blue_eyes blush bra gnns halo hayase_yuuka open_shirt panties purple_hair school_uniform shirt skirt tie underwear upskirt,https://konachan.com/jpeg/bdd0064912983c6418661cb8780ca186/Konachan.com%20-%20361645%20blue_archive%20blue_eyes%20blush%20bra%20gnns%20halo%20hayase_yuuka%20open_shirt%20panties%20purple_hair%20school_uniform%20shirt%20skirt%20tie%20underwear%20upskirt.jpg,./kimage/361645.jpg,1,2023-10-04 19:35:58
356957,anus aoi_sakura_(seak5545) bow breasts brown_eyes brown_hair clouds moon nipples nude original pussy short_hair sketch sky socks spread_legs uncensored wet,https://konachan.com/jpeg/2d858d2b43f7764d96ffd9ad2889012a/Konachan.com%20-%20356957%20anus%20bow%20breasts%20brown_eyes%20brown_hair%20clouds%20moon%20nipples%20nude%20original%20pussy%20short_hair%20sketch%20sky%20socks%20spread_legs%20uncensored%20wet.jpg,./kimage/356957.jpg,1,2023-10-04 19:35:58
357608,blush bow breast_hold breasts fang garter headdress long_hair maid mankai_kaika nipples original purple_eyes purple_hair ribbons sketch,https://konachan.com/image/54fdd01d39da0f5a8397a5f75cd73ebf/Konachan.com%20-%20357608%20blush%20bow%20breast_hold%20breasts%20fang%20garter%20headdress%20long_hair%20maid%20mankai_kaika%20nipples%20original%20purple_eyes%20purple_hair%20ribbons%20sketch.jpg,./kimage/357608.jpg,1,2023-10-04 19:36:06
362749,blonde_hair blue_eyes blue_hair cape diluc_ragnvindr drink eula_lawrence flowers food genshin_impact gloves group headband jean_gunnhildr long_hair male ponytail red_eyes red_hair shirt sunflower tagme_(artist) tie yellow_eyes,https://konachan.com/jpeg/e8c39fc528eb6ee8c5a4bce035bf42da/Konachan.com%20-%20362749%20blue_eyes%20blue_hair%20cape%20drink%20flowers%20food%20gloves%20group%20headband%20long_hair%20male%20ponytail%20red_eyes%20red_hair%20shirt%20sunflower%20tie%20yellow_eyes.jpg,./kimage/362749.jpg,1,2023-10-04 19:36:06
356291,bed cameltoe demon garter goldowl gray_hair loli long_hair navel night nipples original panties pointed_ears sky spread_legs stars succubus tail thighhighs twintails underwear,https://konachan.com/jpeg/74201b74cae878689834b6a97ce3e175/Konachan.com%20-%20356291%20bed%20cameltoe%20demon%20garter%20goldowl%20gray_hair%20loli%20long_hair%20navel%20night%20nipples%20original%20panties%20sky%20stars%20succubus%20tail%20thighhighs%20twintails%20underwear.jpg,./kimage/356291.jpg,1,2023-10-04 19:36:09
355375,blonde_hair bow braids brown_eyes close forest gloves hat kirisame_marisa long_hair shade touhou tree uroam wink witch witch_hat,https://konachan.com/jpeg/874d33f827ee077d9b5ef772ecb13a68/Konachan.com%20-%20355375%20blonde_hair%20bow%20braids%20brown_eyes%20close%20forest%20gloves%20hat%20kirisame_marisa%20long_hair%20shade%20touhou%20tree%20uroam%20wink%20witch%20witch_hat.jpg,./kimage/355375.jpg,1,2023-10-04 19:36:14
358007,bed black_hair blue_archive breasts garter halo long_hair navel no_bra pantyhose preview_(preview0) red_eyes shirt_lift skirt tsukatsuki_rio,https://konachan.com/jpeg/dbbb923d8393352fd53d911e194d7747/Konachan.com%20-%20358007%20bed%20black_hair%20blue_archive%20breasts%20garter%20halo%20long_hair%20navel%20no_bra%20pantyhose%20preview_%28preview0%29%20red_eyes%20shirt_lift%20skirt%20tsukatsuki_rio.jpg,./kimage/358007.jpg,1,2023-10-04 19:36:14
362345,armor blue_eyes blue_hair breasts building cherry_blossoms chiyo_akira choker cleavage clouds dress flowers genshin_impact gloves kamisato_ayaka kamisato_ayato long_hair male petals ponytail purple_eyes samurai short_hair signed sky tree,https://konachan.com/image/aa5f6d3fe05d258ea6752eb7286b46ad/Konachan.com%20-%20362345%20armor%20blue_eyes%20blue_hair%20breasts%20building%20choker%20cleavage%20clouds%20dress%20flowers%20gloves%20long_hair%20male%20petals%20ponytail%20samurai%20signed%20sky%20tree.jpg,./kimage/362345.jpg,1,2023-10-04 19:36:25
361862,animal_ears ass barefoot blue_eyes blush catgirl couch dress loli n3moni original panties short_hair skirt_lift tail underwear white_hair,https://konachan.com/jpeg/e7f51d76d31fabf96b48d3c7dff1d926/Konachan.com%20-%20361862%20animal_ears%20ass%20barefoot%20blue_eyes%20blush%20catgirl%20couch%20dress%20loli%20n3moni%20original%20panties%20short_hair%20skirt_lift%20tail%20underwear%20white_hair.jpg,./kimage/361862.jpg,1,2023-10-04 19:36:25
359695,apron aqua_eyes black_hair blue_archive blush bow headdress loli long_hair maid pantyhose ponytail ribbons tagme_(artist) tendou_arisu_(blue_archive) wristwear,https://konachan.com/jpeg/22396a0f1d3ffd7fa7ef3cedb5c44990/Konachan.com%20-%20359695%20apron%20aqua_eyes%20black_hair%20blue_archive%20blush%20bow%20headdress%20loli%20long_hair%20maid%20pantyhose%20ponytail%20ribbons%20tagme_%28artist%29%20wristwear.jpg,./kimage/359695.jpg,1,2023-10-04 19:36:31
356495,amakano_2 amakano_2+ animal_ears ass azarashi_soft breasts brown_hair bunny_ears bunnygirl game_cg headband kurohime_yuuhi leotard long_hair nipples pantyhose piromizu red_eyes sex tail torn_clothes,https://konachan.com/jpeg/c9fbe5a169fed1dfe6b9b2b6aea10c65/Konachan.com%20-%20356495%20amakano_2%20amakano_2%2B%20ass%20breasts%20brown_hair%20bunny_ears%20bunnygirl%20game_cg%20headband%20leotard%20long_hair%20nipples%20pantyhose%20piromizu%20red_eyes%20sex%20tail.jpg,./kimage/356495.jpg,1,2023-10-04 19:36:31
356795,animal_ears barefoot bikini blush collar doggirl gloves idolmaster idolmaster_shiny_colors komiya_kaho long_hair open_shirt perorin red_eyes red_hair shirt sketch swimsuit tail undressing,https://konachan.com/image/b6bf1563f42e749015d7a04e7512db94/Konachan.com%20-%20356795%20barefoot%20bikini%20blush%20collar%20doggirl%20gloves%20idolmaster%20long_hair%20open_shirt%20perorin%20red_eyes%20red_hair%20shirt%20sketch%20swimsuit%20tail%20undressing.jpg,./kimage/356795.jpg,1,2023-10-04 19:36:39
355786,aqua_hair bell bondage breasts brown_eyes christmas elbow_gloves eula_lawrence footjob genshin_impact gloves headband nipples penis pussy remana spread_pussy thighhighs uncensored,https://konachan.com/jpeg/d2b748b0cbbb5fc5c52fea95ed4f7a56/Konachan.com%20-%20355786%20aqua_hair%20bell%20bondage%20breasts%20brown_eyes%20christmas%20elbow_gloves%20footjob%20gloves%20headband%20nipples%20penis%20pussy%20remana%20spread_pussy%20thighhighs%20uncensored.jpg,./kimage/355786.jpg,1,2023-10-04 19:36:39
356246,blonde_hair couch kafuru_(senran_kagura) no_bra purple_eyes ribbons senran_kagura twintails yaegashi_nan,https://konachan.com/jpeg/ca7dba8c83bdeba2d243f7af6cd7bd68/Konachan.com%20-%20356246%20blonde_hair%20couch%20kafuru_%28senran_kagura%29%20no_bra%20purple_eyes%20ribbons%20senran_kagura%20twintails%20yaegashi_nan.jpg,./kimage/356246.jpg,1,2023-10-04 19:36:45
363396,blonde_hair choker computer hololive microphone music nereb_72 paper purple_eyes school_uniform short_hair skirt todoroki_hajime,https://konachan.com/jpeg/1d8459eea9d699d60d1bf592da13cc96/Konachan.com%20-%20363396%20blonde_hair%20choker%20computer%20hololive%20microphone%20music%20nereb_72%20paper%20purple_eyes%20school_uniform%20short_hair%20skirt%20todoroki_hajime.jpg,./kimage/363396.jpg,1,2023-10-04 19:36:45
362897,animal_ears black_hair blue_archive building clouds elbow_gloves fang foxgirl gloves halo japanese_clothes kimono kneehighs kuda_izuna moon night petals sagiri_(ulpha220) scarf school_uniform short_hair signed sky tail yellow_eyes,https://konachan.com/image/956df4ed2371f77b2ee3e29dbc54113b/Konachan.com%20-%20362897%20black_hair%20building%20clouds%20fang%20foxgirl%20gloves%20halo%20kimono%20kneehighs%20kuda_izuna%20moon%20night%20petals%20scarf%20short_hair%20signed%20sky%20tail%20yellow_eyes.jpg,./kimage/362897.jpg,1,2023-10-04 19:36:55
359294,choker clouds doge_onion eden_(honkai_impact) honkai_impact honkai_(series) instrument long_hair orange_eyes red_hair skirt skirt_lift sky sunset,https://konachan.com/image/6978d87415862ad89847da786fa8893e/Konachan.com%20-%20359294%20choker%20clouds%20doge_onion%20eden_%28honkai_impact%29%20honkai_impact%20honkai_%28series%29%20instrument%20long_hair%20orange_eyes%20red_hair%20skirt%20skirt_lift%20sky%20sunset.jpg,./kimage/359294.jpg,1,2023-10-04 19:36:55
359197,anthropomorphism anus azur_lane formidable_(azur_lane) gray_hair greem_bang long_hair pussy red_eyes spread_legs spread_pussy twintails uncensored,https://konachan.com/image/6aafcb50bef22202a5ce40da5240a83f/Konachan.com%20-%20359197%20anthropomorphism%20anus%20azur_lane%20formidable_%28azur_lane%29%20gray_hair%20greem_bang%20long_hair%20pussy%20red_eyes%20spread_legs%20spread_pussy%20twintails%20uncensored.jpg,./kimage/359197.jpg,1,2023-10-04 19:37:03
357793,bed book bra breasts brown_hair choker dark_skin drink flowers garter headdress long_hair mexif nipples open_shirt original panties panty_pull pink_eyes pointed_ears shirt underwear,https://konachan.com/jpeg/8f1a1382235b48de8921d8e63b013d54/Konachan.com%20-%20357793%20bed%20book%20bra%20breasts%20choker%20dark_skin%20drink%20flowers%20garter%20headdress%20long_hair%20mexif%20nipples%20original%20panties%20panty_pull%20pink_eyes%20shirt%20underwear.jpg,./kimage/357793.jpg,1,2023-10-04 19:37:03
363321,animal anthropomorphism aqua_hair ass azur_lane barefoot beach bikini bird breasts clouds horns irohasu long_hair manjuu_(azur_lane) marco_polo_(azur_lane) red_eyes sky swimsuit tree,https://konachan.com/jpeg/6d5e83ec70088699d3b46ef1e290eda8/Konachan.com%20-%20363321%20animal%20anthropomorphism%20aqua_hair%20ass%20azur_lane%20barefoot%20beach%20bikini%20bird%20breasts%20clouds%20horns%20irohasu%20long_hair%20red_eyes%20sky%20swimsuit%20tree.jpg,./kimage/363321.jpg,1,2023-10-04 19:37:11
361394,bed bra breasts honkai_(series) honkai:_star_rail kafka_(honkai:_star_rail) long_hair navel panties paradox_(parapa) petals purple_eyes purple_hair tattoo thighhighs underwear,https://konachan.com/jpeg/412bb6cf0ebfc86adb1aa6c01c200787/Konachan.com%20-%20361394%20bed%20bra%20breasts%20honkai%3A_star_rail%20honkai_%28series%29%20long_hair%20navel%20panties%20paradox_%28parapa%29%20petals%20purple_eyes%20purple_hair%20tattoo%20thighhighs%20underwear.jpg,./kimage/361394.jpg,1,2023-10-04 19:37:11
362332,blue_archive blush bra bushinofuji cameltoe hayase_yuuka long_hair navel open_shirt panties purple_hair shirt sleeping spread_legs twintails underwear,https://konachan.com/jpeg/986e002ca5380c73539c6eec8c2edd5b/Konachan.com%20-%20362332%20blush%20bra%20bushinofuji%20cameltoe%20hayase_yuuka%20long_hair%20navel%20open_shirt%20panties%20purple_hair%20shirt%20sleeping%20spread_legs%20twintails%20underwear.jpg,./kimage/362332.jpg,1,2023-10-04 19:37:17
360080,aliasing bikini_top blue_archive bottomless braids breasts cleavage green_eyes gweda halo long_hair navel open_shirt pink_hair pussy shirt signed spread_legs urawa_hanako white,https://konachan.com/jpeg/0295c7acc968723b3174a7143907bcfb/Konachan.com%20-%20360080%20aliasing%20bikini_top%20bottomless%20braids%20breasts%20cleavage%20green_eyes%20gweda%20halo%20long_hair%20navel%20open_shirt%20pink_hair%20pussy%20shirt%20signed%20spread_legs%20white.jpg,./kimage/360080.jpg,1,2023-10-04 19:37:17
362877,animal_ears barefoot blue_eyes blush bunny_ears bunnygirl flat_chest heripiro long_hair no_bra original red_hair scan shorts tail,https://konachan.com/jpeg/d687ba1b380b48c9c278b56319d2315b/Konachan.com%20-%20362877%20animal_ears%20barefoot%20blue_eyes%20blush%20bunny_ears%20bunnygirl%20flat_chest%20heripiro%20long_hair%20no_bra%20original%20red_hair%20scan%20shorts%20tail.jpg,./kimage/362877.jpg,1,2023-10-04 19:37:22
361866,2girls ass black_hair blue_archive blush breasts choker cleavage dress halo igusa_haruka its2h35 kenzaki_tsurugi long_hair purple_eyes purple_hair red_eyes short_hair skirt_lift thighhighs,https://konachan.com/jpeg/4ee0c15d7556413bd111c29943453470/Konachan.com%20-%20361866%202girls%20ass%20black_hair%20blush%20breasts%20choker%20cleavage%20dress%20halo%20its2h35%20long_hair%20purple_eyes%20purple_hair%20red_eyes%20short_hair%20skirt_lift%20thighhighs.jpg,./kimage/361866.jpg,1,2023-10-04 19:37:22
356637,animal_ears ass black_hair breasts dark_skin long_hair original panties suruga_(xsurugax) tail topless underwear yellow_eyes,https://konachan.com/jpeg/b58ba87a679b5825d3a582578614fae8/Konachan.com%20-%20356637%20animal_ears%20ass%20black_hair%20breasts%20dark_skin%20long_hair%20original%20panties%20suruga_%28xsurugax%29%20tail%20topless%20underwear%20yellow_eyes.jpg,./kimage/356637.jpg,1,2023-10-04 19:37:28
356618,animal_ears bed bunny_ears bunnygirl censored cum hololive ichi-go long_hair nipples nude penis pussy red_eyes sex spread_legs usada_pekora,https://konachan.com/jpeg/7ee7a58b37c5358c1f93ab668a2ef68f/Konachan.com%20-%20356618%20animal_ears%20bed%20bunny_ears%20bunnygirl%20censored%20cum%20hololive%20ichi-go%20long_hair%20nipples%20nude%20penis%20pussy%20red_eyes%20sex%20spread_legs%20usada_pekora.jpg,./kimage/356618.jpg,1,2023-10-04 19:37:28
359467,animal_ears bow breast_hold breasts choker cleavage dress foxgirl garter kiyochii long_hair moon night petals purple_eyes red_hair sky tail thighhighs yoonah_korn,https://konachan.com/jpeg/e5ef9ddcad0c9a09c22d724ffd2927c7/Konachan.com%20-%20359467%20bow%20breast_hold%20breasts%20choker%20cleavage%20dress%20foxgirl%20garter%20kiyochii%20long_hair%20moon%20night%20petals%20purple_eyes%20red_hair%20sky%20tail%20thighhighs%20yoonah_korn.jpg,./kimage/359467.jpg,1,2023-10-04 19:37:34
359727,2girls ame-chan_(needy_girl_overdose) animal_ears aqua_eyes black_eyes black_hair bow bunny_ears choker chouzetsusaikawa_tenshi-chan dress garter hoodie long_hair needy_girl_overdose ohisashiburi ribbons skirt twintails white wings wink,https://konachan.com/jpeg/8c7774637e94b09b53f15a3b36e71f9c/Konachan.com%20-%20359727%202girls%20animal_ears%20aqua_eyes%20black_eyes%20black_hair%20bow%20bunny_ears%20choker%20dress%20garter%20hoodie%20long_hair%20ribbons%20skirt%20twintails%20white%20wings%20wink.jpg,./kimage/359727.jpg,1,2023-10-04 19:37:34
361068,aoi_sakura_(seak5545) blue_eyes breasts gray_hair long_hair nipples onsen original tree twintails water,https://konachan.com/jpeg/d0fec16e7cf2c0df199b0b535eed9c3e/Konachan.com%20-%20361068%20aoi_sakura_%28seak5545%29%20blue_eyes%20breasts%20gray_hair%20long_hair%20nipples%20onsen%20original%20tree%20twintails%20water.jpg,./kimage/361068.jpg,1,2023-10-04 19:37:45
363171,anthropomorphism aqua_hair blonde_hair blue_eyes butterfly choker clouds dress flowers grass group headdress long_hair pantyhose ponytail red_eyes shuang_ye sky tagme_(character) tree zhanjian_shaonu,https://konachan.com/jpeg/f4f687b03ed3fecb6ce7154c8a2567b5/Konachan.com%20-%20363171%20aqua_hair%20blonde_hair%20blue_eyes%20butterfly%20choker%20clouds%20dress%20flowers%20grass%20group%20headdress%20long_hair%20pantyhose%20ponytail%20red_eyes%20shuang_ye%20sky%20tree.jpg,./kimage/363171.jpg,1,2023-10-04 19:37:45
356726,animal ass barefoot bikini black_hair blue_eyes braids breasts crab long_hair makinohara_shouko raiz_art_works seishun_buta_yarou shade signed swimsuit topless watermark,https://konachan.com/image/3597ee38f84056e53fa1251167e008f5/Konachan.com%20-%20356726%20animal%20ass%20barefoot%20bikini%20black_hair%20blue_eyes%20braids%20breasts%20crab%20long_hair%20makinohara_shouko%20raiz_art_works%20shade%20signed%20swimsuit%20topless%20watermark.jpg,./kimage/356726.jpg,1,2023-10-04 19:37:55
363129,aqua_eyes blonde_hair blush feng_mouren garter_belt headdress long_hair maid navel nipples original pointed_ears pussy spread_legs stockings uncensored,https://konachan.com/image/86c75de43560409c5373d7b3bdf54994/Konachan.com%20-%20363129%20aqua_eyes%20blonde_hair%20blush%20feng_mouren%20garter_belt%20headdress%20long_hair%20maid%20navel%20nipples%20original%20pussy%20spread_legs%20stockings%20uncensored.jpg,./kimage/363129.jpg,1,2023-10-04 19:37:55
362878,aqua_eyes bed blonde_hair blush bra breasts cameltoe cat_smile cleavage computer fang horns machi_(7769) mem-cho navel oshi_no_ko panties phone short_hair underwear,https://konachan.com/jpeg/ad240a33f08db0bf5ddf91b77866c0f0/Konachan.com%20-%20362878%20aqua_eyes%20bed%20blush%20bra%20breasts%20cameltoe%20cat_smile%20cleavage%20computer%20fang%20horns%20mem-cho%20navel%20oshi_no_ko%20panties%20phone%20short_hair%20underwear.jpg,./kimage/362878.jpg,1,2023-10-04 19:38:00
359602,black_hair blue_gk blush breasts censored navel nipples nude onsen original pubic_hair pussy pussy_juice red_eyes see_through spread_legs towel wet,https://konachan.com/jpeg/49d4dc3133acd5377e3e3543b8f6cfe1/Konachan.com%20-%20359602%20black_hair%20blue_gk%20blush%20breasts%20censored%20navel%20nipples%20nude%20onsen%20original%20pubic_hair%20pussy%20pussy_juice%20red_eyes%20see_through%20spread_legs%20towel%20wet.jpg,./kimage/359602.jpg,1,2023-10-04 19:38:00
362562,blush breasts elbow_gloves garter_belt gloves gray_hair hat long_hair nipples no_bra original purple_eyes thighhighs tomocha_(tmc_tmc8),https://konachan.com/jpeg/0f026fe4db582a4d9dc10e7d443baf6d/Konachan.com%20-%20362562%20blush%20breasts%20elbow_gloves%20garter_belt%20gloves%20gray_hair%20hat%20long_hair%20nipples%20no_bra%20original%20purple_eyes%20thighhighs%20tomocha_%28tmc_tmc8%29.jpg,./kimage/362562.jpg,1,2023-10-04 19:38:06
359146,bed bondage brown_eyes brown_hair pussy shackles short_hair spread_legs thighhighs t-hou touhou uncensored usami_renko,https://konachan.com/jpeg/bd44b25dc802fa98616418ca89f3f6a0/Konachan.com%20-%20359146%20bed%20bondage%20brown_eyes%20brown_hair%20pussy%20shackles%20short_hair%20spread_legs%20thighhighs%20t-hou%20touhou%20uncensored%20usami_renko.jpg,./kimage/359146.jpg,1,2023-10-04 19:38:13
357176,ass black_eyes black_hair blush breasts cleavage elbow_gloves gloves long_hair mimyo original pantyhose skintight,https://konachan.com/image/670176629cc43ddd4a02324fc87808ab/Konachan.com%20-%20357176%20ass%20black_eyes%20black_hair%20blush%20breasts%20cleavage%20elbow_gloves%20gloves%20long_hair%20mimyo%20original%20pantyhose%20skintight.jpg,./kimage/357176.jpg,1,2023-10-04 19:38:13
363012,bed blush bondage bra breasts cross demon green_eyes headdress hololive long_hair navel panties purple_hair shackles skirt_lift spread_legs sugiki tail tears thighhighs tiara tokoyami_towa twintails underwear wedding_attire,https://konachan.com/jpeg/ae0fdb95cbbbe53247e9a64fe0d49bf6/Konachan.com%20-%20363012%20bed%20blush%20bondage%20bra%20breasts%20cross%20demon%20green_eyes%20headdress%20hololive%20long_hair%20navel%20panties%20shackles%20sugiki%20tail%20tears%20tiara%20twintails%20underwear.jpg,./kimage/363012.jpg,1,2023-10-04 19:38:17
362254,animal animal_ears bed blush cat catgirl fang loli long_hair original pajamas purple_eyes purple_hair tail teddy_bear tyakomes,https://konachan.com/jpeg/0e27e3f48eda63d18924fceb2a33a9d3/Konachan.com%20-%20362254%20animal%20animal_ears%20bed%20blush%20cat%20catgirl%20fang%20loli%20long_hair%20original%20pajamas%20purple_eyes%20purple_hair%20tail%20teddy_bear%20tyakomes.jpg,./kimage/362254.jpg,1,2023-10-04 19:38:17
356436,3d aqua_eyes book breasts choker cleavage genshin_impact hat long_hair mona_megistus omone_hokoma_agm pantyhose witch_hat,https://konachan.com/image/e1c5d11a42bfa37d8a50103dab995398/Konachan.com%20-%20356436%203d%20aqua_eyes%20book%20breasts%20choker%20cleavage%20genshin_impact%20hat%20long_hair%20mona_megistus%20omone_hokoma_agm%20pantyhose%20witch_hat.jpg,./kimage/356436.jpg,1,2023-10-04 19:38:25
361188,anchor_panic animal_ears blue_eyes blush book bow braids breasts brown_hair bunny_ears bunnygirl cleavage dress elbow_gloves game_console glasses gloves gray_hair group hat headphones kneehighs loli pantyhose phone pink_hair pointed_ears purple_eyes shanyao_jiang_tororo short_hair tagme_(character) teddy_bear yellow_eyes,https://konachan.com/jpeg/d9bdffd70ac77cfe3a2df89707c443d7/Konachan.com%20-%20361188%20blue_eyes%20blush%20book%20bow%20braids%20breasts%20bunnygirl%20cleavage%20dress%20glasses%20gloves%20gray_hair%20group%20hat%20kneehighs%20loli%20pantyhose%20phone%20pink_hair.jpg,./kimage/361188.jpg,1,2023-10-04 19:38:31
360870,animal_ears blonde_hair braids breast_hold cake candy catgirl choker dress drink fang food garter_belt lollipop long_hair moon night red_eyes see_through stockings tagme_(artist) tail upskirt wings wristwear,https://konachan.com/image/3ec19c541e94fce049567216b5a50abf/Konachan.com%20-%20360870%20braids%20cake%20candy%20catgirl%20choker%20dress%20drink%20fang%20food%20garter_belt%20lollipop%20long_hair%20moon%20night%20red_eyes%20stockings%20tail%20upskirt%20wings%20wristwear.jpg,./kimage/360870.jpg,1,2023-10-04 19:38:31
359947,animal_ears arknights beach bikini_top blonde_hair breasts cleavage fang ivyelin navel sora_(arknights) twintails water wristwear yellow_eyes,https://konachan.com/jpeg/57757d709117c8386c5708729cc5119e/Konachan.com%20-%20359947%20animal_ears%20arknights%20beach%20bikini_top%20blonde_hair%20breasts%20cleavage%20fang%20ivyelin%20navel%20sora_%28arknights%29%20twintails%20water%20wristwear%20yellow_eyes.jpg,./kimage/359947.jpg,1,2023-10-04 19:40:41
356313,3d animal_ears arknights catgirl dress garter gray_hair green_eyes instrument kal'tsit_(arknights) ling_dianxia long_hair necklace no_bra piano watermark,https://konachan.com/image/a3851fa228542f762f78af320b57a43d/Konachan.com%20-%20356313%203d%20animal_ears%20arknights%20catgirl%20dress%20garter%20gray_hair%20green_eyes%20instrument%20ling_dianxia%20long_hair%20necklace%20no_bra%20piano%20watermark.jpg,./kimage/356313.jpg,1,2023-10-04 19:40:41
362138,animal_ears barefoot bed blonde_hair blue_eyes blush game_console loli long_hair multiple_tails original peas_(peas0125) petals tail,https://konachan.com/jpeg/61a4710c05f4a28949ae81079479e8e1/Konachan.com%20-%20362138%20animal_ears%20barefoot%20bed%20blonde_hair%20blue_eyes%20blush%20game_console%20loli%20long_hair%20multiple_tails%20original%20peas_%28peas0125%29%20petals%20tail.jpg,./kimage/362138.jpg,1,2023-10-04 19:40:41
355700,barefoot green_hair honkai_impact honkai_(series) klein_(honkai_impact) long_hair lrh0123 mobius_(honkai_impact) open_shirt panties tiara underwear wink,https://konachan.com/jpeg/31c852a36017a8886b436a6fc4969c24/Konachan.com%20-%20355700%20barefoot%20green_hair%20honkai_%28series%29%20honkai_impact%20klein_%28honkai_impact%29%20long_hair%20lrh0123%20open_shirt%20panties%20tiara%20underwear%20wink.jpg,./kimage/355700.jpg,1,2023-10-04 19:40:41
361203,blue_eyes blue_hair bra drink flat_chest game_console hololive hoshimachi_suisei kinoko_(shikimylove) long_hair microphone navel open_shirt paper phone ponytail sakura_miko shorts tie underwear,https://konachan.com/image/30b350bbb1e9e2876c69b822a398596a/Konachan.com%20-%20361203%20blue_eyes%20blue_hair%20bra%20drink%20flat_chest%20hololive%20long_hair%20microphone%20navel%20open_shirt%20paper%20phone%20ponytail%20sakura_miko%20shorts%20tie%20underwear.jpg,./kimage/361203.jpg,1,2023-10-04 19:40:41
357864,2girls animal_ears breasts brown_hair cleavage flowers foxgirl leotard long_hair multiple_tails navel niphae_(vtuber) purple_eyes red_eyes tail thighhighs water white_hair whois,https://konachan.com/jpeg/367d84ce1d469c4040b192aaf54bd5c0/Konachan.com%20-%20357864%202girls%20animal_ears%20breasts%20brown_hair%20cleavage%20flowers%20foxgirl%20leotard%20long_hair%20navel%20purple_eyes%20red_eyes%20tail%20thighhighs%20water%20white_hair%20whois.jpg,./kimage/357864.jpg,1,2023-10-04 19:40:41
360294,angel animal bird bow brown_eyes brown_hair building cage cherry_blossoms clouds collar elbow_gloves flowers freshylulu_m gloves hat long_hair music navel original petals sky thighhighs twintails wings,https://konachan.com/image/39744dc83a8e8a99215150f15e167aa8/Konachan.com%20-%20360294%20angel%20animal%20bird%20bow%20brown_eyes%20brown_hair%20building%20cage%20clouds%20collar%20flowers%20gloves%20hat%20long_hair%20music%20navel%20original%20petals%20sky%20twintails%20wings.jpg,./kimage/360294.jpg,1,2023-10-04 19:40:41
359000,anthropomorphism aqua_eyes azur_lane bow cheshire_(azur_lane) dress drink fan gloves grass hat headdress logo long_hair perseus_(azur_lane) pink_eyes pink_hair purple_eyes purple_hair ribbons saratoga_(azur_lane) short_hair tagme_(artist) twintails wings wink,https://konachan.com/image/e816e1c46d895828b40d0ad65fdd064f/Konachan.com%20-%20359000%20aqua_eyes%20azur_lane%20bow%20dress%20drink%20fan%20gloves%20grass%20hat%20headdress%20logo%20long_hair%20pink_eyes%20pink_hair%20ribbons%20short_hair%20twintails%20wings%20wink.jpg,./kimage/359000.jpg,1,2023-10-04 19:40:41
358347,boat breasts butterfly chixiao cleavage drink japanese_clothes kimono long_hair no_bra nopan original red_eyes red_hair sake water wristwear,https://konachan.com/jpeg/0e31f25fee9be86b027903665ffa5427/Konachan.com%20-%20358347%20boat%20breasts%20butterfly%20chixiao%20cleavage%20drink%20japanese_clothes%20kimono%20long_hair%20no_bra%20nopan%20original%20red_eyes%20red_hair%20sake%20water%20wristwear.jpg,./kimage/358347.jpg,1,2023-10-04 19:40:41
355824,2girls black_hair blonde_hair blue_eyes blush bow breasts choker cleavage crown dark_skin dress elbow_gloves flowers gloves necklace okpriko original wedding_attire,https://konachan.com/jpeg/12574a4f7905f616bbf9c125f53190ef/Konachan.com%20-%20355824%202girls%20black_hair%20blonde_hair%20blue_eyes%20blush%20bow%20breasts%20choker%20cleavage%20crown%20dark_skin%20dress%20elbow_gloves%20flowers%20gloves%20necklace%20okpriko%20original.jpg,./kimage/355824.jpg,1,2023-10-04 19:40:41
355683,bed blonde_hair blush bra breasts brown_eyes cleavage condom itsuki_jun long_hair open_shirt original panties shirt signed underwear wet,https://konachan.com/image/b5328494cfc0da2112d3dbad3348a14a/Konachan.com%20-%20355683%20bed%20blonde_hair%20blush%20bra%20breasts%20brown_eyes%20cleavage%20condom%20itsuki_jun%20long_hair%20open_shirt%20original%20panties%20shirt%20signed%20underwear%20wet.jpg,./kimage/355683.jpg,1,2023-10-04 19:40:41
359698,animal aqua_hair barefoot bikini blonde_hair bow chongyun_(genshin_impact) clouds crab fish garter genshin_impact gray_hair green_eyes group halo hat hoodie klee_(genshin_impact) loli long_hair lumine_(genshin_impact) male navel nilou_(genshin_impact) nyansan_oekaki paimon_(genshin_impact) pointed_ears red_eyes red_hair short_hair sky swim_ring swimsuit underwater water,https://konachan.com/jpeg/dee28c22d67e9905f51162ad41506e72/Konachan.com%20-%20359698%20animal%20barefoot%20bikini%20bow%20clouds%20crab%20fish%20garter%20group%20halo%20hat%20hoodie%20loli%20long_hair%20male%20navel%20red_eyes%20red_hair%20sky%20swim_ring%20swimsuit%20water.jpg,./kimage/359698.jpg,1,2023-10-04 19:40:41
363197,blonde_hair breasts brown_eyes couch hitachi_sou long_hair nipples no_bra open_shirt original panties underwear undressing,https://konachan.com/image/d86528612b7fe89b61e2b95e9686b9db/Konachan.com%20-%20363197%20blonde_hair%20breasts%20brown_eyes%20couch%20hitachi_sou%20long_hair%20nipples%20no_bra%20open_shirt%20original%20panties%20underwear%20undressing.jpg,./kimage/363197.jpg,1,2023-10-04 19:40:41
363302,anthropomorphism atlanta_(kancolle) blush breast_hold breasts brown_hair carnelian garter_belt gloves kantai_collection long_hair nipples no_bra open_shirt panties panty_pull purple_eyes pussy see_through shirt twintails uncensored underwear uniform,https://konachan.com/jpeg/9a61b34fef1fe69ed5712fbfea2e37ee/Konachan.com%20-%20363302%20blush%20breasts%20brown_hair%20carnelian%20gloves%20long_hair%20nipples%20no_bra%20open_shirt%20panties%20panty_pull%20pussy%20shirt%20twintails%20uncensored%20underwear%20uniform.jpg,./kimage/363302.jpg,1,2023-10-04 19:40:41
362362,animated beach blue_archive blush breasts long_hair nipples penis phone ponytail purple_eyes pussy sex spread_legs swim_ring swimsuit torn_clothes tsukiyuki_miyako uncensored underboob waero water white_hair,https://konachan.com/image/e63460599a0876b8d0570e9436f4cb80/Konachan.com%20-%20362362%20animated%20beach%20blush%20breasts%20long_hair%20nipples%20penis%20phone%20ponytail%20pussy%20sex%20swim_ring%20swimsuit%20uncensored%20underboob%20waero%20water%20white_hair.gif,./kimage/362362.gif,1,2023-10-04 19:40:41
359738,beach bikini black_hair blue_eyes blush bow breasts cleavage clouds liya original short_hair sky swimsuit umbrella water,https://konachan.com/jpeg/28fcd453c93a260d7a5c4c257429e7eb/Konachan.com%20-%20359738%20beach%20bikini%20black_hair%20blue_eyes%20blush%20bow%20breasts%20cleavage%20clouds%20liya%20original%20short_hair%20sky%20swimsuit%20umbrella%20water.jpg,./kimage/359738.jpg,1,2023-10-04 19:40:41
363317,anthropomorphism apron black_hair bow bra breasts carnelian elbow_gloves garter gloves green_eyes hatsuzuki_(kancolle) kantai_collection maid nipples open_shirt panties short_hair skirt_lift striped_panties thighhighs underwear,https://konachan.com/jpeg/2c395bf23ddd227927419304480b7ddd/Konachan.com%20-%20363317%20apron%20black_hair%20bow%20bra%20breasts%20carnelian%20garter%20gloves%20green_eyes%20maid%20nipples%20open_shirt%20panties%20short_hair%20skirt_lift%20thighhighs%20underwear.jpg,./kimage/363317.jpg,1,2023-10-04 19:40:41
359483,apron blue_eyes blue_hair blush bow breasts cameltoe cielo_(cielo000328) maid nipples original panties spread_legs thighhighs underwear upskirt wristwear,https://konachan.com/image/be8e79ec0a0ce3a97f14a35de94f5a5e/Konachan.com%20-%20359483%20apron%20blue_eyes%20blue_hair%20blush%20bow%20breasts%20cameltoe%20maid%20nipples%20original%20panties%20spread_legs%20thighhighs%20underwear%20upskirt%20wristwear.jpg,./kimage/359483.jpg,1,2023-10-04 19:40:41
363278,aliasing animal_ears blush braids collar ejami loli long_hair no_bra red_eyes tagme_(character) tail white_hair,https://konachan.com/image/77188365f4490462d24b69793e6cfa68/Konachan.com%20-%20363278%20aliasing%20animal_ears%20blush%20braids%20collar%20ejami%20loli%20long_hair%20no_bra%20red_eyes%20tagme_%28character%29%20tail%20white_hair.jpg,./kimage/363278.jpg,1,2023-10-04 19:40:41
356674,amakano_2 amakano_2+ aqua_eyes azarashi_soft bloomers bra cameltoe game_cg gray_hair gym_uniform long_hair piromizu sara_(amakano_2+) see_through twintails underwear,https://konachan.com/jpeg/d3889e031b494367867f81b2cdd00c04/Konachan.com%20-%20356674%20amakano_2%20amakano_2%2B%20aqua_eyes%20azarashi_soft%20bloomers%20bra%20cameltoe%20game_cg%20gray_hair%20gym_uniform%20long_hair%20piromizu%20see_through%20twintails%20underwear.jpg,./kimage/356674.jpg,1,2023-10-04 19:40:41
360906,blonde_hair blue_eyes blush breasts cunnilingus glasses nipples okpriko open_shirt original penis pubic_hair pussy skirt spread_legs uncensored,https://konachan.com/jpeg/9f4abf6f8be60b5936d7ea03dd65fd54/Konachan.com%20-%20360906%20blonde_hair%20blue_eyes%20blush%20breasts%20cunnilingus%20glasses%20nipples%20okpriko%20open_shirt%20original%20penis%20pubic_hair%20pussy%20skirt%20spread_legs%20uncensored.jpg,./kimage/360906.jpg,1,2023-10-04 19:40:41
357878,aida_(chinhung0612) animal animal_ears apron aqua_eyes black_hair blonde_hair blue_archive blush bow cat dress drink food fruit game_console green_eyes group halo hanaoka_yuzu headdress headphones ice_cream loli long_hair maid pink_eyes ponytail purple_eyes red_hair ribbons saiba_midori saiba_momoi short_hair sketch skirt_lift strawberry tendou_arisu_(blue_archive) thighhighs twins,https://konachan.com/jpeg/9b5fb1a0edbb0548f96070d50d479b5b/Konachan.com%20-%20357878%20animal%20apron%20aqua_eyes%20blush%20bow%20cat%20dress%20drink%20food%20fruit%20group%20halo%20headdress%20ice_cream%20loli%20maid%20pink_eyes%20ponytail%20red_hair%20ribbons%20sketch%20twins.jpg,./kimage/357878.jpg,1,2023-10-04 19:40:41
359201,animal_ears aqua_eyes ass building cameltoe city f_(milfaaaaa) foxgirl gloves long_hair original panties tail techgirl underwear white_hair,https://konachan.com/jpeg/98d7f85b47ae9edd501902ecd15f2b5e/Konachan.com%20-%20359201%20animal_ears%20aqua_eyes%20ass%20building%20cameltoe%20city%20f_%28milfaaaaa%29%20foxgirl%20gloves%20long_hair%20original%20panties%20tail%20techgirl%20underwear%20white_hair.jpg,./kimage/359201.jpg,1,2023-10-04 19:40:41
355488,ass black_hair blonde_hair bottomless breasts censored cube cum game_cg hat kami-sama_no_you_na_kimi_e kantoku long_hair male nipples no_bra penis purple_eyes rana_liddell-hart school_uniform sex short_hair thighhighs,https://konachan.com/jpeg/8e6c88af889d9beb5f276e17e497c73b/Konachan.com%20-%20355488%20ass%20black_hair%20bottomless%20breasts%20censored%20cube%20cum%20game_cg%20hat%20kantoku%20long_hair%20male%20nipples%20no_bra%20penis%20purple_eyes%20sex%20short_hair%20thighhighs.jpg,./kimage/355488.jpg,1,2023-10-04 19:40:41
360918,black_hair breasts fang gym_uniform kaedeko_(kaedelic) kneehighs original rope shorts signed twintails,https://konachan.com/jpeg/7028b0f61550f9478524ebd5ceafb7e9/Konachan.com%20-%20360918%20black_hair%20breasts%20fang%20gym_uniform%20kaedeko_%28kaedelic%29%20kneehighs%20original%20rope%20shorts%20signed%20twintails.jpg,./kimage/360918.jpg,1,2023-10-04 19:40:41
361008,2girls admiral_hipper_(azur_lane) anthropomorphism ass azur_lane barefoot beach bikini blonde_hair bluecher_(azur_lane) blush breasts drink fang food fruit green_eyes heart long_hair qian_hen red_eyes shade signed swimsuit twintails umbrella undressing water watermelon,https://konachan.com/jpeg/ccaf3866dfaa1c283e755113eb02a7a1/Konachan.com%20-%20361008%202girls%20ass%20barefoot%20beach%20bikini%20blush%20breasts%20drink%20fang%20food%20fruit%20heart%20long_hair%20qian_hen%20red_eyes%20shade%20signed%20swimsuit%20twintails%20umbrella%20water.jpg,./kimage/361008.jpg,1,2023-10-04 19:40:41
363458,bikini bingchuan_xian_yu_huang blue_archive bow breasts gray_hair long_hair necklace nipples purple_eyes shirasu_azusa swim_ring swimsuit topless water wings,https://konachan.com/image/8db2ba3d177aaca62ad27f138004581a/Konachan.com%20-%20363458%20bikini%20blue_archive%20bow%20breasts%20gray_hair%20long_hair%20necklace%20nipples%20purple_eyes%20shirasu_azusa%20swim_ring%20swimsuit%20topless%20water%20wings.jpg,./kimage/363458.jpg,1,2023-10-04 19:40:41
358660,beidou_(genshin_impact) building dress genshin_impact gray_hair long_hair night ningguang_(genshin_impact) realistic red_eyes sciamano240 signed sky smoking stars tattoo third-party_edit tree white_hair wristwear,https://konachan.com/jpeg/c96cb369327c1e7042fbdb69ea7282c0/Konachan.com%20-%20358660%20building%20dress%20genshin_impact%20gray_hair%20long_hair%20night%20realistic%20red_eyes%20sciamano240%20signed%20sky%20smoking%20stars%20tattoo%20tree%20white_hair%20wristwear.jpg,./kimage/358660.jpg,1,2023-10-04 19:40:41
360432,blue_hair japanese_clothes kimono mermaid shirosato touhou wakasagihime water,https://konachan.com/jpeg/f2f0c5d457f20016501d69d339872eaf/Konachan.com%20-%20360432%20blue_hair%20japanese_clothes%20kimono%20mermaid%20shirosato%20touhou%20wakasagihime%20water.jpg,./kimage/360432.jpg,1,2023-10-04 19:40:41
361362,animal animal_ears barefoot bingchuan_xian_yu_huang black_hair blue_archive blush cake cat catgirl collar couch flowers food fruit halo hoodie kyouyama_kazusa red_eyes school_uniform short_hair skirt strawberry,https://konachan.com/image/4822f5d90f76e3b169c507962608e020/Konachan.com%20-%20361362%20animal%20animal_ears%20barefoot%20black_hair%20blush%20cake%20cat%20catgirl%20collar%20couch%20flowers%20food%20fruit%20halo%20hoodie%20red_eyes%20short_hair%20skirt%20strawberry.jpg,./kimage/361362.jpg,1,2023-10-04 19:40:41
360403,aqua_eyes blush close gray_hair kaga_sumire short_hair syurimp virtual_esports_project,https://konachan.com/jpeg/f316a37b0929d05dc6ac9f73c6021934/Konachan.com%20-%20360403%20aqua_eyes%20blush%20close%20gray_hair%20kaga_sumire%20short_hair%20syurimp%20virtual_esports_project.jpg,./kimage/360403.jpg,1,2023-10-04 19:40:41
363352,animal_ears blue_hair breasts bunny_ears bunnygirl carnelian nipples no_bra open_shirt original panties panty_pull purple_eyes pussy striped_panties thighhighs uncensored underwear,https://konachan.com/jpeg/e7e58949255a9df48fb921eca15f9234/Konachan.com%20-%20363352%20blue_hair%20breasts%20bunny_ears%20bunnygirl%20carnelian%20nipples%20no_bra%20open_shirt%20original%20panties%20panty_pull%20pussy%20thighhighs%20uncensored%20underwear.jpg,./kimage/363352.jpg,1,2023-10-04 19:40:41
355893,barefoot bed blue_archive blush dev fingering halo hat heart long_hair masturbation panties pink_eyes pink_hair shimoe_koharu shorts twintails underwear waifu2x wings,https://konachan.com/jpeg/fdc5df6219cdd718ff27603c5af3e891/Konachan.com%20-%20355893%20barefoot%20bed%20blue_archive%20blush%20dev%20fingering%20halo%20hat%20heart%20long_hair%20panties%20pink_eyes%20pink_hair%20shorts%20twintails%20underwear%20waifu2x%20wings.jpg,./kimage/355893.jpg,1,2023-10-04 19:40:41
361267,bikini blue_archive blush bottomless bow braids fanteam green_eyes halo long_hair pink_hair see_through shirt swimsuit urawa_hanako,https://konachan.com/jpeg/a5a2a2f49c6d1b548a955983128d14f9/Konachan.com%20-%20361267%20bikini%20blue_archive%20blush%20bottomless%20bow%20braids%20fanteam%20green_eyes%20halo%20long_hair%20pink_hair%20see_through%20shirt%20swimsuit%20urawa_hanako.jpg,./kimage/361267.jpg,1,2023-10-04 19:40:41
360390,ball blush breast_hold breasts brown_hair mankai_kaika navel nipples nude original ponytail pool pubic_hair purple_eyes sketch swim_ring water wet,https://konachan.com/image/14ebf19f8a2f6126bb552e63b440b28d/Konachan.com%20-%20360390%20ball%20blush%20breast_hold%20breasts%20brown_hair%20mankai_kaika%20navel%20nipples%20nude%20original%20ponytail%20pool%20pubic_hair%20purple_eyes%20sketch%20swim_ring%20water%20wet.jpg,./kimage/360390.jpg,1,2023-10-04 19:40:41
363134,araneesama black_hair blue_eyes bottomless breasts erect_nipples hat navel nico_robin nipples no_bra one_piece open_shirt signed swimsuit tan_lines,https://konachan.com/jpeg/b1125154aa579523d22ffb3c6547d249/Konachan.com%20-%20363134%20araneesama%20black_hair%20blue_eyes%20bottomless%20breasts%20erect_nipples%20hat%20navel%20nico_robin%20nipples%20no_bra%20one_piece%20open_shirt%20signed%20swimsuit%20tan_lines.jpg,./kimage/363134.jpg,1,2023-10-04 19:40:41
355599,anus ass barefoot bed blue_hair breasts flowers genshin_impact green_eyes kamue nipples nude pussy short_hair uncensored yelan_(genshin_impact),https://konachan.com/jpeg/a4505481ca729b63bfde8daa17c8a662/Konachan.com%20-%20355599%20anus%20ass%20barefoot%20bed%20blue_hair%20breasts%20flowers%20genshin_impact%20green_eyes%20kamue%20nipples%20nude%20pussy%20short_hair%20uncensored%20yelan_%28genshin_impact%29.jpg,./kimage/355599.jpg,1,2023-10-04 19:40:41
362318,2girls amiya_(arknights) animal_ears arknights blue_eyes boots brown_hair bunny_ears bunnygirl catgirl choker crying dark hoodie kal'tsit_(arknights) long_hair pantyhose school_uniform shoujo_ai skirt tears tuzhate white_hair wristwear,https://konachan.com/image/634545e4b134af2ace7841cc3891c170/Konachan.com%20-%20362318%202girls%20arknights%20blue_eyes%20boots%20bunny_ears%20bunnygirl%20catgirl%20choker%20crying%20dark%20hoodie%20long_hair%20pantyhose%20shoujo_ai%20skirt%20tears%20tuzhate%20wristwear.jpg,./kimage/362318.jpg,1,2023-10-04 19:40:41
360636,aliasing animal_ears aqua_eyes aruka_(alka_p1) ball bikini bikini_top black_hair blue_archive blush breast_hold breasts brown_hair cameltoe catgirl cleavage clouds fang flat_chest glasses gray_hair green_eyes group halo hat hoodie izayoi_nonomi kuromi_serika navel okusora_ayane orange_eyes pink_hair pointed_ears ponytail red_eyes short_hair shorts skirt sky sunaookami_shiroko sunglasses swimsuit takanashi_hoshino twintails water wink wolfgirl yellow_eyes,https://konachan.com/image/cbb61c45e5ec4d291faeddce0a0158dc/Konachan.com%20-%20360636%20aliasing%20ball%20bikini%20blush%20breasts%20catgirl%20cleavage%20clouds%20fang%20glasses%20group%20halo%20hat%20hoodie%20navel%20red_eyes%20shorts%20skirt%20sky%20water%20wink%20wolfgirl.jpg,./kimage/360636.jpg,1,2023-10-04 19:40:41
358975,animal_ears blonde_hair blush clouds dongchuan dress hat hololive horns loli no_bra purple_eyes short_hair sky summer_dress tsunomaki_watame,https://konachan.com/image/d84b08655187555899ef0eaae34a8c8c/Konachan.com%20-%20358975%20animal_ears%20blonde_hair%20blush%20clouds%20dongchuan%20dress%20hat%20hololive%20horns%20loli%20no_bra%20purple_eyes%20short_hair%20sky%20summer_dress%20tsunomaki_watame.jpg,./kimage/358975.jpg,1,2023-10-04 19:40:41
360434,black_hair blue_eyes braids breasts chinese_clothes flowers garter_belt ikaruga_(senran_kagura) long_hair night no_bra panties petals see_through senran_kagura sky spread_legs stockings tree underboob underwear wristwear yaegashi_nan,https://konachan.com/jpeg/f527803b116ac19d2bd1461dd2debc81/Konachan.com%20-%20360434%20black_hair%20blue_eyes%20braids%20breasts%20flowers%20garter_belt%20long_hair%20night%20no_bra%20panties%20petals%20sky%20stockings%20tree%20underboob%20underwear%20wristwear.jpg,./kimage/360434.jpg,1,2023-10-04 19:40:41
361894,ass blush book breasts brown_hair censored green_eyes long_hair mankai_kaika nipples nude original pubic_hair pussy sketch,https://konachan.com/image/a9f79b8150236d566413fc40799c6930/Konachan.com%20-%20361894%20ass%20blush%20book%20breasts%20brown_hair%20censored%20green_eyes%20long_hair%20mankai_kaika%20nipples%20nude%20original%20pubic_hair%20pussy%20sketch.jpg,./kimage/361894.jpg,1,2023-10-04 19:40:41
355739,cherry_blossoms flowers group k_ryo original petals school_uniform socks,https://konachan.com/image/35b6d154889f2810e098b5bd280ff8a6/Konachan.com%20-%20355739%20cherry_blossoms%20flowers%20group%20k_ryo%20original%20petals%20school_uniform%20socks.jpg,./kimage/355739.jpg,1,2023-10-04 19:40:41
359161,anthropomorphism azur_lane blush breast_hold breasts drink food formidable_(azur_lane) fouriasensei gray_hair long_hair nipples nude pussy red_eyes shade uncensored,https://konachan.com/jpeg/da6be8503133e1cc5ab0cc92b9f8557a/Konachan.com%20-%20359161%20anthropomorphism%20azur_lane%20blush%20breast_hold%20breasts%20drink%20food%20fouriasensei%20gray_hair%20long_hair%20nipples%20nude%20pussy%20red_eyes%20shade%20uncensored.jpg,./kimage/359161.jpg,1,2023-10-04 19:40:41
359884,3d bell blue_eyes bow brown_eyes brown_hair christmas collar dress drink fan_qing food garter gray_eyes gray_hair group hoodie horns long_hair male necklace original pantyhose ponytail purple_eyes purple_hair scar shirt short_hair skirt tie tree wristwear,https://konachan.com/jpeg/f813b6e1b90d19754072b5aabe783713/Konachan.com%20-%20359884%203d%20bell%20bow%20collar%20dress%20drink%20fan_qing%20food%20garter%20gray_eyes%20group%20hoodie%20horns%20male%20necklace%20original%20pantyhose%20ponytail%20scar%20shirt%20skirt%20tie%20tree.jpg,./kimage/359884.jpg,1,2023-10-04 19:40:41
362447,animal aqua_eyes arknights blue_hair blush food gloves hat hoodie horns ice_cream kuroduki long_hair mostima_(arknights) necklace penguin shorts sunglasses the_emperor_(arknights) wink,https://konachan.com/jpeg/206f2228d2e836364e507a9df029cbff/Konachan.com%20-%20362447%20animal%20aqua_eyes%20arknights%20blue_hair%20blush%20food%20gloves%20hat%20hoodie%20horns%20ice_cream%20kuroduki%20long_hair%20necklace%20penguin%20shorts%20sunglasses%20wink.jpg,./kimage/362447.jpg,1,2023-10-04 19:40:41
357208,arknights breasts brown_eyes choker gray_hair juejue long_hair muelsyse_(arknights) navel nipples nude pointed_ears pussy uncensored wristwear,https://konachan.com/image/84112b41bf22b07f7444ca8868f1e4e4/Konachan.com%20-%20357208%20arknights%20breasts%20brown_eyes%20choker%20gray_hair%20juejue%20long_hair%20muelsyse_%28arknights%29%20navel%20nipples%20nude%20pointed_ears%20pussy%20uncensored%20wristwear.jpg,./kimage/357208.jpg,1,2023-10-04 19:40:41
357219,anthropomorphism bed breasts censored ebifurya gray_hair kantai_collection kashima_(kancolle) long_hair navel nipples nude penis pussy sex signed twintails,https://konachan.com/jpeg/b40d84c476808586ef05f049af3567dc/Konachan.com%20-%20357219%20anthropomorphism%20bed%20breasts%20censored%20ebifurya%20gray_hair%20kantai_collection%20long_hair%20navel%20nipples%20nude%20penis%20pussy%20sex%20signed%20twintails.jpg,./kimage/357219.jpg,1,2023-10-04 19:40:41
363260,bed blush breasts brown_hair close garter_belt long_hair original panties purple_eyes re:shimashima stockings topless underwear,https://konachan.com/image/ff3ac720f1a5d390323bfdefb4e33d95/Konachan.com%20-%20363260%20bed%20blush%20breasts%20brown_hair%20close%20garter_belt%20long_hair%20original%20panties%20purple_eyes%20re%3Ashimashima%20stockings%20topless%20underwear.jpg,./kimage/363260.jpg,1,2023-10-04 19:40:41
359598,animal ass barefoot bath bathtub bikini blush breasts cameltoe cat headphones long_hair pink_hair red_eyes scan see_through shirt shower sonico super_sonico swimsuit third-party_edit tsuji_santa wet,https://konachan.com/jpeg/d828f709c16bf9abad2c26100f827df6/Konachan.com%20-%20359598%20animal%20ass%20barefoot%20bath%20bathtub%20bikini%20blush%20breasts%20cameltoe%20cat%20headphones%20long_hair%20pink_hair%20red_eyes%20scan%20shirt%20shower%20sonico%20swimsuit%20wet.jpg,./kimage/359598.jpg,1,2023-10-04 19:40:41
357706,animal_ears arknights black_hair brown_eyes cape couch gloves long_hair mirror reflection shorts sword tail texas_(arknights) twice12314 weapon wolfgirl,https://konachan.com/jpeg/1ed1ca48c30305f459050a76e2e02cb9/Konachan.com%20-%20357706%20animal_ears%20arknights%20black_hair%20brown_eyes%20cape%20couch%20gloves%20long_hair%20mirror%20reflection%20shorts%20sword%20tail%20twice12314%20weapon%20wolfgirl.jpg,./kimage/357706.jpg,1,2023-10-04 19:40:41
355689,ass black_hair blue_archive breasts cum halo long_hair no_bra omone_hokoma_agm open_shirt panties pantyhose red_eyes shirt torn_clothes tsukatsuki_rio underwear white,https://konachan.com/image/bd5b7877fd9c27239a4a56c9e79e1c29/Konachan.com%20-%20355689%20ass%20black_hair%20blue_archive%20breasts%20cum%20halo%20long_hair%20no_bra%20open_shirt%20panties%20pantyhose%20red_eyes%20shirt%20torn_clothes%20tsukatsuki_rio%20underwear%20white.jpg,./kimage/355689.jpg,1,2023-10-04 19:40:41
360835,blonde_hair blue_eyes blush fellatio genshin_impact jean_gunnhildr nude okpriko penis ponytail tears uncensored,https://konachan.com/jpeg/a8b83cb17e64b0a9d2e78a5a21ab4692/Konachan.com%20-%20360835%20blonde_hair%20blue_eyes%20blush%20fellatio%20genshin_impact%20jean_gunnhildr%20nude%20okpriko%20penis%20ponytail%20tears%20uncensored.jpg,./kimage/360835.jpg,1,2023-10-04 19:40:41
357455,baobhan_sith_(fate) breasts cleavage dress fate/grand_order fate_(series) gag long_hair no_bra no-kan petals pink_hair pointed_ears ribbons thighhighs wristwear,https://konachan.com/jpeg/795bf87a247fbae0d851046f6e6496b3/Konachan.com%20-%20357455%20breasts%20cleavage%20dress%20fate_grand_order%20fate_%28series%29%20gag%20long_hair%20no-kan%20no_bra%20petals%20pink_hair%20pointed_ears%20ribbons%20thighhighs%20wristwear.jpg,./kimage/357455.jpg,1,2023-10-04 19:40:41
357672,animal_ears aqua_eyes bed black_hair blush breasts coca_cola computer drink headphones long_hair nagiha_kuten original,https://konachan.com/image/6cf4ce56d47d6eee9e83979e3905c98b/Konachan.com%20-%20357672%20animal_ears%20aqua_eyes%20bed%20black_hair%20blush%20breasts%20coca_cola%20computer%20drink%20headphones%20long_hair%20nagiha_kuten%20original.jpg,./kimage/357672.jpg,1,2023-10-04 19:40:41
361388,bell blush clouds flowers fujimori_shiki japanese_clothes long_hair original petals pink_eyes purple_hair skirt sky sword thighhighs watermark weapon zettai_ryouiki,https://konachan.com/jpeg/586661decc40f099bfe17de9b408ba81/Konachan.com%20-%20361388%20bell%20blush%20clouds%20flowers%20fujimori_shiki%20long_hair%20original%20petals%20pink_eyes%20purple_hair%20skirt%20sky%20sword%20thighhighs%20watermark%20weapon%20zettai_ryouiki.jpg,./kimage/361388.jpg,1,2023-10-04 19:40:41
361146,bikini blonde_hair blush breast_hold breasts cleavage clouds green_eyes hat long_hair navel original signed sky sooon swimsuit water wristwear,https://konachan.com/image/53d479a4099e38e0d60f1dcf36115a8a/Konachan.com%20-%20361146%20bikini%20blonde_hair%20blush%20breast_hold%20breasts%20cleavage%20clouds%20green_eyes%20hat%20long_hair%20navel%20original%20signed%20sky%20sooon%20swimsuit%20water%20wristwear.jpg,./kimage/361146.jpg,1,2023-10-04 19:40:41
359315,bicolored_eyes blonde_hair blush bow breasts cape cat_smile cleavage crown demon elbow_gloves fang flowers gloves horns navel original panties petals ropu_(ropu_10) rose short_hair succubus tattoo underwear,https://konachan.com/image/c857ca61434ae03e8a0f9404ddfe1b93/Konachan.com%20-%20359315%20blush%20bow%20breasts%20cape%20cat_smile%20cleavage%20crown%20demon%20fang%20flowers%20gloves%20horns%20navel%20original%20panties%20petals%20rose%20succubus%20tattoo%20underwear.jpg,./kimage/359315.jpg,1,2023-10-04 19:40:41
362774,2girls bandage blue_eyes blush boots braids brown_eyes brown_hair building choker clouds dehya_(genshin_impact) desert dress dunyarzad_(genshin_impact) elbow_gloves garter genshin_impact gloves headdress iandrea long_hair ponytail reflection shade sky tree water,https://konachan.com/image/f459fa2bfacf62ef2bfca020e5008748/Konachan.com%20-%20362774%202girls%20bandage%20blue_eyes%20blush%20boots%20braids%20building%20choker%20clouds%20desert%20dress%20garter%20gloves%20headdress%20iandrea%20ponytail%20shade%20sky%20tree%20water.jpg,./kimage/362774.jpg,1,2023-10-04 19:40:41
359370,blue_eyes blush breasts cleavage clouds demon dress flowers horns long_hair null_maru original petals pointed_ears rainbow sky summer_dress tail white_hair windmill wings,https://konachan.com/jpeg/92fbfd9516a7bf5f0c0fad44f55f6bd2/Konachan.com%20-%20359370%20blue_eyes%20blush%20breasts%20cleavage%20clouds%20demon%20dress%20flowers%20horns%20long_hair%20null_maru%20original%20petals%20rainbow%20sky%20tail%20white_hair%20windmill%20wings.jpg,./kimage/359370.jpg,1,2023-10-04 19:40:41
361526,anthropomorphism ass azur_lane blue_eyes breasts building dress gray_hair guichen_(azur_lane) halo jeze long_hair night nopan see_through sky stars tree,https://konachan.com/image/5e3a107a2994efc638b75db90736ffe6/Konachan.com%20-%20361526%20anthropomorphism%20ass%20azur_lane%20blue_eyes%20breasts%20building%20dress%20gray_hair%20halo%20jeze%20long_hair%20night%20nopan%20see_through%20sky%20stars%20tree.jpg,./kimage/361526.jpg,1,2023-10-04 19:40:41
361525,bed blush breasts green_eyes green_hair long_hair navel no_bra open_shirt original pajamas panties shirt underwear yuita_(yuita17),https://konachan.com/jpeg/2aff7ea714d2cf51ec278fe7bf8c63d8/Konachan.com%20-%20361525%20bed%20blush%20breasts%20green_eyes%20green_hair%20long_hair%20navel%20no_bra%20open_shirt%20original%20pajamas%20panties%20shirt%20underwear%20yuita_%28yuita17%29.jpg,./kimage/361525.jpg,1,2023-10-04 19:40:41
358363,ass bell blush bow couch green_eyes hololive long_hair nyan_(reinyan_007) panties pink_hair ribbons sakura_miko skirt skirt_lift thighhighs twintails underwear,https://konachan.com/image/afeecaa3023f682b0d14e8cc1d4d4faf/Konachan.com%20-%20358363%20ass%20bell%20blush%20bow%20couch%20green_eyes%20hololive%20long_hair%20panties%20pink_hair%20ribbons%20sakura_miko%20skirt%20skirt_lift%20thighhighs%20twintails%20underwear.jpg,./kimage/358363.jpg,1,2023-10-04 19:40:41
356827,blue_archive blush bow brown_hair censored fukuinu headdress kawawa_shizuko long_hair purple_eyes pussy ribbons skirt_lift swimsuit twintails urine,https://konachan.com/image/bb753501dc567487afb7b600ab2d45cf/Konachan.com%20-%20356827%20blue_archive%20blush%20bow%20brown_hair%20censored%20fukuinu%20headdress%20kawawa_shizuko%20long_hair%20purple_eyes%20pussy%20ribbons%20skirt_lift%20swimsuit%20twintails%20urine.jpg,./kimage/356827.jpg,1,2023-10-04 19:40:41
357317,2girls aqua_eyes ass blonde_hair blue_eyes blush boots hat long_hair mullpull panty_(character) pantyhose panty_&_stocking_with_garterbelt police purple_hair shirt shorts signed sketch skirt stocking_(character) thighhighs tie wink wristwear zettai_ryouiki,https://konachan.com/image/e250123e450f7c54e49e799dc16df88c/Konachan.com%20-%20357317%202girls%20aqua_eyes%20ass%20blue_eyes%20blush%20boots%20hat%20long_hair%20mullpull%20pantyhose%20police%20shirt%20shorts%20signed%20sketch%20skirt%20thighhighs%20tie%20wink%20wristwear.jpg,./kimage/357317.jpg,1,2023-10-04 19:40:41
361411,animal_ears blush bow breasts brown_hair catgirl genshin_impact lynette_(genshin_impact) nipples penis ponytail purple_eyes pussy sex shaggy_susu tail uncensored,https://konachan.com/image/21cb76c94110455b3dd826bdf944678a/Konachan.com%20-%20361411%20animal_ears%20blush%20bow%20breasts%20brown_hair%20catgirl%20genshin_impact%20nipples%20penis%20ponytail%20purple_eyes%20pussy%20sex%20shaggy_susu%20tail%20uncensored.jpg,./kimage/361411.jpg,1,2023-10-04 19:40:41
355415,close harusaruhi kamitsubaki_studio kasoku_souchi sketch,https://konachan.com/image/c769e8a0ec576c79ea37e1f54415d0dd/Konachan.com%20-%20355415%20close%20harusaruhi%20kamitsubaki_studio%20kasoku_souchi%20sketch.jpg,./kimage/355415.jpg,1,2023-10-04 19:40:41
359969,animal_ears anus arknights ass barefoot bed catgirl close garter_belt gray_hair green_eyes kal'tsit_(arknights) nopan omone_hokoma_agm pussy short_hair stockings thighhighs uncensored,https://konachan.com/image/604814b5c49efb4d8ff4ddbce952707e/Konachan.com%20-%20359969%20animal_ears%20anus%20arknights%20ass%20barefoot%20bed%20catgirl%20close%20garter_belt%20gray_hair%20green_eyes%20nopan%20pussy%20short_hair%20stockings%20thighhighs%20uncensored.jpg,./kimage/359969.jpg,1,2023-10-04 19:40:41
355633,anthropomorphism ass azur_lane bed classic_(zildjian33) long_hair panties red_eyes scylla_(azur_lane) topless underwear white_hair,https://konachan.com/jpeg/cdb94308e2fe00a2d2541fcac7bc1fa2/Konachan.com%20-%20355633%20anthropomorphism%20ass%20azur_lane%20bed%20classic_%28zildjian33%29%20long_hair%20panties%20red_eyes%20scylla_%28azur_lane%29%20topless%20underwear%20white_hair.jpg,./kimage/355633.jpg,1,2023-10-04 19:40:41
355822,2girls barefoot black_hair blonde_hair bottomless dark_skin fellatio headband okpriko original penis ponytail pussy_juice school_uniform spread_legs tie uncensored,https://konachan.com/jpeg/88c85460f1879c61dddae79dac076842/Konachan.com%20-%20355822%202girls%20barefoot%20black_hair%20blonde_hair%20bottomless%20dark_skin%20fellatio%20headband%20okpriko%20original%20penis%20ponytail%20pussy_juice%20spread_legs%20tie%20uncensored.jpg,./kimage/355822.jpg,1,2023-10-04 19:40:41
357055,213_gou angel blue_archive blush dress feathers long_hair misono_mika pantyhose pink_hair wings yellow_eyes,https://konachan.com/jpeg/4609703deae86e1ea339c190e006d638/Konachan.com%20-%20357055%20213_gou%20angel%20blue_archive%20blush%20dress%20feathers%20long_hair%20misono_mika%20pantyhose%20pink_hair%20wings%20yellow_eyes.jpg,./kimage/357055.jpg,1,2023-10-04 19:40:41
358170,animal_ears aqua_eyes bikini blue_archive breasts collar gray_hair hoodie kazane-wind long_hair navel shiroko_(terror)_(blue_archive) spread_legs sunaookami_shiroko swimsuit thighhighs wolfgirl,https://konachan.com/jpeg/774b745f4b454b7102ab2d8bcb2efc3b/Konachan.com%20-%20358170%20animal_ears%20aqua_eyes%20bikini%20blue_archive%20breasts%20collar%20gray_hair%20hoodie%20kazane-wind%20long_hair%20navel%20spread_legs%20swimsuit%20thighhighs%20wolfgirl.jpg,./kimage/358170.jpg,1,2023-10-04 19:40:41
355651,2girls barbara_pegg cameltoe close genshin_impact jean_gunnhildr pantyhose pussy see_through spread_legs spread_pussy watermark white z282g,https://konachan.com/jpeg/7fa91ce74a334af2189b8064cac30335/Konachan.com%20-%20355651%202girls%20barbara_pegg%20cameltoe%20close%20genshin_impact%20jean_gunnhildr%20pantyhose%20pussy%20see_through%20spread_legs%20spread_pussy%20watermark%20white%20z282g.jpg,./kimage/355651.jpg,1,2023-10-04 19:40:41
357560,animal_ears bikini brown_hair catgirl couch fang glasses kashiwamochi_yomogi long_hair navel original red_eyes swimsuit tail watermark,https://konachan.com/jpeg/433d625fff58ebbfafe786d76211b7fa/Konachan.com%20-%20357560%20animal_ears%20bikini%20brown_hair%20catgirl%20couch%20fang%20glasses%20kashiwamochi_yomogi%20long_hair%20navel%20original%20red_eyes%20swimsuit%20tail%20watermark.jpg,./kimage/357560.jpg,1,2023-10-04 19:40:41
358361,animal_ears aqua_hair bandaid blonde_hair blush bow braids dark_skin foxgirl game_console gray_hair green_eyes group hololive hoodie hoshimachi_suisei kneehighs long_hair omaru_polka pink_hair pointed_ears ponytail purple_eyes ribbons sakura_miko school_uniform shiranui_flare shirogane_noel shirt short_hair skirt socks tang-du tie wristwear,https://konachan.com/image/d8084ba7495f935e6f5b25a8b09fcbdb/Konachan.com%20-%20358361%20bandaid%20blush%20bow%20braids%20dark_skin%20foxgirl%20gray_hair%20group%20hololive%20hoodie%20kneehighs%20pink_hair%20ponytail%20ribbons%20shirt%20skirt%20socks%20tang-du%20tie.jpg,./kimage/358361.jpg,1,2023-10-04 19:40:41
357913,2girls aqua_hair blonde_hair blush cheerleader kanola_u kneehighs long_hair nipples original ponytail purple_eyes red_eyes see_through skirt_lift spread_legs thighhighs,https://konachan.com/image/941646b8a9d359a672b124d022f4da43/Konachan.com%20-%20357913%202girls%20aqua_hair%20blonde_hair%20blush%20cheerleader%20kanola_u%20kneehighs%20long_hair%20nipples%20original%20ponytail%20red_eyes%20skirt_lift%20spread_legs%20thighhighs.jpg,./kimage/357913.jpg,1,2023-10-04 19:40:41
357543,animal_ears bed blue_eyes breasts brown_hair catgirl cleavage close dress long_hair satsuki_yukimi satsuki_yukimi_(vtuber),https://konachan.com/image/b6cb64cdc91805600852bb0551a533ce/Konachan.com%20-%20357543%20animal_ears%20bed%20blue_eyes%20breasts%20brown_hair%20catgirl%20cleavage%20close%20dress%20long_hair%20satsuki_yukimi%20satsuki_yukimi_%28vtuber%29.jpg,./kimage/357543.jpg,1,2023-10-04 19:40:41
357874,all_male arknights blue_eyes book cape clouds flowers gloves hoodie horns lirseven logo long_hair male passenger_(arknights) pink_hair short_hair shorts sky stars,https://konachan.com/jpeg/9290aa635e16a298c1a99a8252fc442c/Konachan.com%20-%20357874%20all_male%20arknights%20blue_eyes%20book%20cape%20clouds%20flowers%20gloves%20hoodie%20horns%20lirseven%20logo%20long_hair%20male%20pink_hair%20short_hair%20shorts%20sky%20stars.jpg,./kimage/357874.jpg,1,2023-10-04 19:40:41
