red_eyes,358330
nipples,363386
hololive,363386
cleavage,358330
couch,358330
penis,363386
long_hair,358330
thighhighs,358330
fruit,358330
ass,363386
tail,363386
3d,358330
barefoot,358330
hat,363386
white,363386
uncensored,363386
bikini_top,358330
breasts,363386
navel,363386
food,358330
pussy,363386
pussy_juice,363386
spread_legs,363386
pubic_hair,363386
garter,358330
gray_hair,358330
skadi_(arknights),358330
apple,358330
nyantcha,363386
breasts,358330
gawr_gura,363386
arknights,358330
ling_dianxia,358330
red_eyes,359172
gloves,359172
anal,359172
naked_shirt,362317
elbow_gloves,359172
cowgirl,359172
breasts,362317
fang,362317
granblue_fantasy,359172
cleavage,362317
animal_ears,362317
close,362317
thighhighs,359172
long_hair,359172
no_bra,362317
sheepgirl,359172
bikini,359172
nipples,359172
gradient,359172
heart,362317
open_shirt,362317
asanagi,359172
collar,359172
anila_(granblue_fantasy),359172
dark_skin,359172
hololive,362317
topless,359172
collar,362317
see_through,362317
blue_hair,359172
ass,359172
blush,359172
horns,359172
nekomata_okayu,362317
temari_rin,362317
shirt,362317
catgirl,362317
tail,359172
bell,359172
blush,362317
purple_hair,362317
short_hair,362317
shatola_(granblue_fantasy),359172
kuvira_(granblue_fantasy),359172
vibrator,359172
pointed_ears,359172
swimsuit,359172
purple_eyes,362317
blonde_hair,359172
brown_eyes,359172
breasts,359172
ribbons,362317
tail,362317
animal_ears,359172
flowers,361672
shirt,361672
catgirl,361672
petals,361672
blush,361672
anus,358152
water,361672
brown_eyes,358152
uncensored,358152
breasts,358152
pussy,358152
heripiro,361672
hat,361672
bed,358152
braids,358152
azur_lane,358152
skirt,361672
computer,361672
rose,361672
hiei_(azur_lane),358152
thighhighs,358152
animal_ears,361672
bow,361672
long_hair,358152
socks,361672
huion,361672
nipples,358152
original,361672
anthropomorphism,358152
school_uniform,361672
brown_hair,358152
butterfly,358152
long_hair,361672
spread_pussy,358152
magic,361672
brown_hair,361672
nude,358152
blue_eyes,361672
kamue,358152
animal,357411
tingyun_(honkai:_star_rail),357411
undressing,357411
swimsuit,357411
animal_ears,357411
barefoot,359176
blush,359176
sugimura_tomokazu,359176
purple_hair,359176
green_eyes,357411
ponytail,357411
foxgirl,357411
purple_eyes,359176
cameltoe,359176
twintails,359176
bikini,357411
brown_hair,357411
swimsuit,359176
fox,357411
honkai:_star_rail,357411
spread_legs,359176
original,359176
dylannn,357411
long_hair,359176
honkai_(series),357411
tail,357411
bell,357411
blue_eyes,358615
water,358615
choker,358615
marie_antoinette_(fate/grand_order),358615
goddess_of_victory:_nikke,360061
blush,358615
blush,360061
gun,360061
ass,360061
fate/grand_order,358615
sky,358615
twintails,358615
watermark,358615
tail,360061
mitsu_(mitsu_art),358615
orange_eyes,360061
clouds,358615
wristwear,358615
stockings,360061
bunnygirl,360061
gray_hair,360061
wristwear,360061
blonde_hair,358615
breast_hold,358615
swimsuit,358615
breasts,358615
breasts,360061
blanc_(nikke),360061
zoom_layer,360061
wet,358615
fang,360061
animal_ears,360061
leotard,360061
fate_(series),358615
maki_(user_fyjx4337),360061
aliasing,360061
bunny_ears,360061
erect_nipples,358615
long_hair,358615
bikini,358615
weapon,360061
long_hair,360061
nipples,358615
gradient,360061
see_through,358615
spread_legs,356957
purple_hair,361645
pussy,356957
bow,356957
original,356957
socks,356957
panties,361645
halo,361645
tie,361645
skirt,361645
nipples,356957
underwear,361645
brown_hair,356957
gnns,361645
aoi_sakura_(seak5545),356957
moon,356957
school_uniform,361645
sketch,356957
blue_archive,361645
open_shirt,361645
upskirt,361645
short_hair,356957
hayase_yuuka,361645
nude,356957
sky,356957
blue_eyes,361645
clouds,356957
anus,356957
brown_eyes,356957
bra,361645
uncensored,356957
shirt,361645
breasts,356957
wet,356957
blush,361645
shirt,362749
red_hair,362749
genshin_impact,362749
sunflower,362749
mankai_kaika,357608
blue_hair,362749
diluc_ragnvindr,362749
blush,357608
headdress,357608
purple_hair,357608
sketch,357608
food,362749
jean_gunnhildr,362749
group,362749
purple_eyes,357608
tie,362749
ribbons,357608
maid,357608
headband,362749
blonde_hair,362749
garter,357608
breast_hold,357608
gloves,362749
red_eyes,362749
fang,357608
breasts,357608
male,362749
yellow_eyes,362749
bow,357608
original,357608
ponytail,362749
tagme_(artist),362749
long_hair,362749
cape,362749
drink,362749
long_hair,357608
eula_lawrence,362749
blue_eyes,362749
nipples,357608
flowers,362749
cameltoe,356291
twintails,356291
tail,356291
panties,356291
garter,356291
gray_hair,356291
pointed_ears,356291
demon,356291
underwear,356291
goldowl,356291
navel,356291
spread_legs,356291
bed,356291
original,356291
stars,356291
loli,356291
long_hair,356291
thighhighs,356291
nipples,356291
night,356291
succubus,356291
sky,356291
witch_hat,355375
long_hair,358007
black_hair,358007
wink,355375
shirt_lift,358007
uroam,355375
preview_(preview0),358007
hat,355375
forest,355375
touhou,355375
blue_archive,358007
blonde_hair,355375
brown_eyes,355375
pantyhose,358007
shade,355375
witch,355375
bow,355375
close,355375
braids,355375
gloves,355375
halo,358007
garter,358007
tsukatsuki_rio,358007
skirt,358007
breasts,358007
long_hair,355375
tree,355375
kirisame_marisa,355375
navel,358007
red_eyes,358007
bed,358007
no_bra,358007
tail,361862
panties,361862
male,362345
ponytail,362345
signed,362345
long_hair,362345
tree,362345
underwear,361862
kamisato_ayaka,362345
animal_ears,361862
dress,362345
original,361862
skirt_lift,361862
couch,361862
chiyo_akira,362345
blue_eyes,362345
choker,362345
flowers,362345
armor,362345
genshin_impact,362345
loli,361862
blue_hair,362345
petals,362345
short_hair,362345
cherry_blossoms,362345
n3moni,361862
sky,362345
white_hair,361862
dress,361862
purple_eyes,362345
blue_eyes,361862
clouds,362345
barefoot,361862
building,362345
ass,361862
blush,361862
samurai,362345
catgirl,361862
short_hair,361862
breasts,362345
kamisato_ayato,362345
cleavage,362345
gloves,362345
sex,356495
ass,356495
kurohime_yuuhi,356495
pantyhose,356495
amakano_2,356495
blue_archive,359695
blush,359695
headdress,359695
torn_clothes,356495
pantyhose,359695
tail,356495
bunnygirl,356495
ribbons,359695
headband,356495
maid,359695
aqua_eyes,359695
wristwear,359695
breasts,356495
animal_ears,356495
leotard,356495
red_eyes,356495
bow,359695
long_hair,356495
bunny_ears,356495
apron,359695
ponytail,359695
tendou_arisu_(blue_archive),359695
loli,359695
long_hair,359695
nipples,356495
tagme_(artist),359695
amakano_2+,356495
black_hair,359695
brown_hair,356495
piromizu,356495
game_cg,356495
azarashi_soft,356495
swimsuit,356795
bondage,355786
thighhighs,355786
animal_ears,356795
gloves,356795
red_eyes,356795
nipples,355786
eula_lawrence,355786
penis,355786
genshin_impact,355786
spread_pussy,355786
bikini,356795
open_shirt,356795
long_hair,356795
remana,355786
collar,356795
idolmaster,356795
doggirl,356795
bell,355786
idolmaster_shiny_colors,356795
shirt,356795
red_hair,356795
barefoot,356795
blush,356795
sketch,356795
brown_eyes,355786
headband,355786
footjob,355786
uncensored,355786
aqua_hair,355786
komiya_kaho,356795
breasts,355786
christmas,355786
pussy,355786
tail,356795
gloves,355786
elbow_gloves,355786
undressing,356795
perorin,356795
short_hair,363396
no_bra,356246
purple_eyes,363396
couch,356246
microphone,363396
skirt,363396
blonde_hair,363396
todoroki_hajime,363396
computer,363396
nereb_72,363396
school_uniform,363396
yaegashi_nan,356246
kafuru_(senran_kagura),356246
music,363396
senran_kagura,356246
hololive,363396
paper,363396
purple_eyes,356246
twintails,356246
ribbons,356246
choker,363396
blonde_hair,356246
kuda_izuna,362897
skirt_lift,359294
animal_ears,362897
gloves,362897
sunset,359294
elbow_gloves,362897
scarf,362897
school_uniform,362897
yellow_eyes,362897
japanese_clothes,362897
long_hair,359294
signed,362897
foxgirl,362897
black_hair,362897
sagiri_(ulpha220),362897
choker,359294
instrument,359294
red_hair,359294
night,362897
moon,362897
kimono,362897
blue_archive,362897
petals,362897
short_hair,362897
sky,359294
kneehighs,362897
sky,362897
honkai_(series),359294
orange_eyes,359294
tail,362897
eden_(honkai_impact),359294
halo,362897
clouds,362897
honkai_impact,359294
clouds,359294
skirt,359294
building,362897
doge_onion,359294
fang,362897
long_hair,359197
original,357793
bed,357793
greem_bang,359197
anthropomorphism,359197
pink_eyes,357793
open_shirt,357793
book,357793
long_hair,357793
spread_pussy,359197
drink,357793
nipples,357793
brown_hair,357793
formidable_(azur_lane),359197
dark_skin,357793
choker,357793
flowers,357793
bra,357793
shirt,357793
twintails,359197
headdress,357793
anus,359197
breasts,357793
gray_hair,359197
uncensored,359197
mexif,357793
panty_pull,357793
spread_legs,359197
pussy,359197
panties,357793
red_eyes,359197
garter,357793
pointed_ears,357793
azur_lane,359197
underwear,357793
red_eyes,363321
azur_lane,363321
honkai:_star_rail,361394
manjuu_(azur_lane),363321
paradox_(parapa),361394
bra,361394
petals,361394
long_hair,363321
tattoo,361394
purple_hair,361394
bikini,363321
tree,363321
honkai_(series),361394
purple_eyes,361394
anthropomorphism,363321
marco_polo_(azur_lane),363321
panties,361394
kafka_(honkai:_star_rail),361394
breasts,361394
irohasu,363321
barefoot,363321
ass,363321
underwear,361394
horns,363321
navel,361394
bed,361394
sky,363321
beach,363321
bird,363321
clouds,363321
animal,363321
thighhighs,361394
long_hair,361394
aqua_hair,363321
swimsuit,363321
breasts,363321
panties,362332
bikini_top,360080
bushinofuji,362332
navel,362332
underwear,362332
urawa_hanako,360080
halo,360080
white,360080
spread_legs,362332
gweda,360080
breasts,360080
navel,360080
spread_legs,360080
pussy,360080
cleavage,360080
open_shirt,362332
braids,360080
long_hair,362332
hayase_yuuka,362332
green_eyes,360080
signed,360080
aliasing,360080
pink_hair,360080
open_shirt,360080
long_hair,360080
bra,362332
shirt,362332
blush,362332
bottomless,360080
blue_archive,362332
sleeping,362332
purple_hair,362332
shirt,360080
cameltoe,362332
twintails,362332
blue_archive,360080
blue_eyes,362877
skirt_lift,361866
red_hair,362877
barefoot,362877
blush,362877
kenzaki_tsurugi,361866
thighhighs,361866
long_hair,361866
black_hair,361866
flat_chest,362877
igusa_haruka,361866
tail,362877
dress,361866
heripiro,362877
bunnygirl,362877
choker,361866
cleavage,361866
shorts,362877
blue_archive,361866
ass,361866
blush,361866
animal_ears,362877
purple_hair,361866
short_hair,361866
no_bra,362877
original,362877
purple_eyes,361866
bunny_ears,362877
halo,361866
long_hair,362877
2girls,361866
scan,362877
breasts,361866
red_eyes,361866
its2h35,361866
suruga_(xsurugax),356637
yellow_eyes,356637
long_hair,356637
spread_legs,356618
pussy,356618
animal_ears,356618
red_eyes,356618
black_hair,356637
bed,356618
censored,356618
bunnygirl,356618
dark_skin,356637
bunny_ears,356618
long_hair,356618
hololive,356618
topless,356637
nipples,356618
ass,356637
usada_pekora,356618
penis,356618
tail,356637
sex,356618
panties,356637
nude,356618
ichi-go,356618
breasts,356637
underwear,356637
cum,356618
animal_ears,356637
original,356637
purple_eyes,359467
tail,359467
animal_ears,359727
ame-chan_(needy_girl_overdose),359727
bow,359727
garter,359467
breast_hold,359467
breasts,359467
wings,359727
cleavage,359467
bunny_ears,359727
animal_ears,359467
bow,359467
black_hair,359727
long_hair,359727
hoodie,359727
needy_girl_overdose,359727
dress,359727
yoonah_korn,359467
kiyochii,359467
foxgirl,359467
long_hair,359467
choker,359727
thighhighs,359467
dress,359467
wink,359727
choker,359467
night,359467
twintails,359727
red_hair,359467
moon,359467
ohisashiburi,359727
petals,359467
ribbons,359727
2girls,359727
chouzetsusaikawa_tenshi-chan,359727
aqua_eyes,359727
garter,359727
white,359727
skirt,359727
sky,359467
black_eyes,359727
clouds,363171
aoi_sakura_(seak5545),361068
zhanjian_shaonu,363171
aqua_hair,363171
blonde_hair,363171
grass,363171
red_eyes,363171
twintails,361068
gray_hair,361068
ponytail,363171
tagme_(character),363171
long_hair,363171
breasts,361068
tree,363171
dress,363171
onsen,361068
anthropomorphism,363171
original,361068
butterfly,363171
blue_eyes,363171
choker,363171
flowers,363171
long_hair,361068
shuang_ye,363171
tree,361068
headdress,363171
nipples,361068
sky,363171
pantyhose,363171
group,363171
blue_eyes,361068
water,361068
original,363129
blue_eyes,356726
bikini,356726
long_hair,363129
topless,356726
barefoot,356726
nipples,363129
ass,356726
crab,356726
watermark,356726
long_hair,356726
blush,363129
headdress,363129
feng_mouren,363129
animal,356726
swimsuit,356726
breasts,356726
seishun_buta_yarou,356726
shade,356726
maid,363129
braids,356726
garter_belt,363129
aqua_eyes,363129
pointed_ears,363129
stockings,363129
blonde_hair,363129
uncensored,363129
makinohara_shouko,356726
signed,356726
raiz_art_works,356726
navel,363129
spread_legs,363129
pussy,363129
black_hair,356726
navel,359602
spread_legs,359602
pussy_juice,359602
pussy,359602
wet,359602
panties,362878
phone,362878
red_eyes,359602
onsen,359602
pubic_hair,359602
aqua_eyes,362878
blonde_hair,362878
censored,359602
original,359602
underwear,362878
breasts,362878
fang,362878
computer,362878
navel,362878
cleavage,362878
blue_gk,359602
bed,362878
black_hair,359602
oshi_no_ko,362878
nipples,359602
see_through,359602
machi_(7769),362878
mem-cho,362878
blush,359602
cat_smile,362878
nude,359602
bra,362878
cameltoe,362878
blush,362878
horns,362878
short_hair,362878
towel,359602
breasts,359602
breasts,362562
purple_eyes,362562
thighhighs,362562
long_hair,362562
tomocha_(tmc_tmc8),362562
gloves,362562
blush,362562
hat,362562
nipples,362562
garter_belt,362562
gray_hair,362562
no_bra,362562
elbow_gloves,362562
original,362562
shackles,359146
mimyo,357176
black_eyes,357176
usami_renko,359146
short_hair,359146
breasts,357176
gloves,357176
cleavage,357176
original,357176
elbow_gloves,357176
uncensored,359146
touhou,359146
brown_eyes,359146
long_hair,357176
black_hair,357176
spread_legs,359146
pussy,359146
bed,359146
bondage,359146
t-hou,359146
thighhighs,359146
blush,357176
ass,357176
pantyhose,357176
skintight,357176
brown_hair,359146
pajamas,362254
long_hair,362254
twintails,363012
tail,363012
wedding_attire,363012
panties,363012
tyakomes,362254
tears,363012
teddy_bear,362254
demon,363012
breasts,363012
navel,363012
spread_legs,363012
underwear,363012
sugiki,363012
blush,362254
bed,363012
skirt_lift,363012
catgirl,362254
cross,363012
purple_hair,362254
green_eyes,363012
purple_eyes,362254
cat,362254
tail,362254
bondage,363012
thighhighs,363012
long_hair,363012
tokoyami_towa,363012
tiara,363012
animal,362254
hololive,363012
fang,362254
animal_ears,362254
bra,363012
bed,362254
blush,363012
headdress,363012
shackles,363012
original,362254
purple_hair,363012
loli,362254
mona_megistus,356436
long_hair,356436
choker,356436
cleavage,356436
omone_hokoma_agm,356436
witch_hat,356436
3d,356436
genshin_impact,356436
aqua_eyes,356436
hat,356436
pantyhose,356436
book,356436
breasts,356436
bunnygirl,361188
gray_hair,361188
pointed_ears,361188
glasses,361188
breasts,361188
food,360870
cake,360870
tail,360870
cleavage,361188
bow,361188
animal_ears,361188
gloves,361188
anchor_panic,361188
group,361188
wristwear,360870
braids,361188
headphones,361188
elbow_gloves,361188
garter_belt,360870
stockings,360870
yellow_eyes,361188
blonde_hair,360870
breast_hold,360870
loli,361188
pink_hair,361188
bunny_ears,361188
fang,360870
book,361188
animal_ears,360870
tagme_(character),361188
braids,360870
candy,360870
red_eyes,360870
dress,361188
wings,360870
teddy_bear,361188
brown_hair,361188
blue_eyes,361188
game_console,361188
shanyao_jiang_tororo,361188
long_hair,360870
upskirt,360870
tagme_(artist),360870
blush,361188
dress,360870
drink,360870
hat,361188
kneehighs,361188
see_through,360870
catgirl,360870
pantyhose,361188
short_hair,361188
purple_eyes,361188
choker,360870
night,360870
moon,360870
phone,361188
lollipop,360870
qian_hen,361008
fang,357560
2girls,355824
beach,362362
male,355488
kaedeko_(kaedelic),360918
breasts,359947
food,359884
beach,359738
original,359738
aqua_eyes,359000
open_shirt,363352
bloomers,356674
wristwear,357455
original,360906
long_hair,363458
wolfgirl,357706
flat_chest,360636
sky,358975
fan_qing,359884
twice12314,357706
loli,358975
topless,363260
catgirl,356313
ponytail,362362
urawa_hanako,361267
blue_archive,355893
water,362774
gray_hair,357208
uncensored,363352
animal_ears,359969
blue_eyes,357317
long_hair,361894
bow,359315
watermark,357560
blush,361894
cleavage,357864
long_hair,357055
elbow_gloves,360294
blush,357055
spread_legs,355822
cape,359315
torn_clothes,362362
sake,358347
brown_hair,360636
elbow_gloves,362774
group,359698
blonde_hair,355822
long_hair,360294
long_hair,362774
bingchuan_xian_yu_huang,361362
blush,362774
japanese_clothes,361388
socks,358361
hat,361146
umbrella,361008
arknights,357874
nilou_(genshin_impact),359698
animal_ears,362318
group,355739
null_maru,359370
underwear,363260
purple_eyes,363352
skirt,360906
wristwear,358361
ass,359969
tree,360434
pointed_ears,358361
headband,355822
beach,359947
food,357878
cameltoe,356674
underwear,355689
amiya_(arknights),362318
grass,359000
pink_hair,359598
clouds,359698
crab,359698
omone_hokoma_agm,355689
no_bra,360434
animal_ears,357878
blue_eyes,362774
braids,360434
2girls,362318
bikini,358170
breasts,360434
dress,357455
green_eyes,361525
shorts,360636
watermark,356313
sakura_miko,361203
panties,363317
blonde_hair,360906
techgirl,359201
azur_lane,361008
water,359698
hoodie,362447
ejami,363278
rose,359315
pussy,356827
black_hair,355822
white_hair,359370
wolfgirl,358170
tagme_(character),363278
brown_hair,363302
group,359884
scar,359884
brown_hair,357560
pink_hair,358361
blue_hair,362447
necklace,355824
tree,359884
green_eyes,358361
long_hair,359698
breasts,360918
ass,361526
hololive,361203
underwear,355633
male,359698
headdress,359000
logo,359000
red_eyes,358660
blue_hair,355599
couch,357706
panty_pull,363302
multiple_tails,362138
undressing,361008
wink,360636
tie,358361
panties,355700
navel,360390
piromizu,356674
petals,360294
kuromi_serika,360636
food,361362
purple_eyes,359000
skirt_lift,363317
wedding_attire,355824
breasts,355683
shirt,355689
dress,357543
game_cg,356674
amakano_2,356674
original,355739
flowers,355824
long_hair,357208
touhou,360432
barefoot,355822
uncensored,361411
ivyelin,359947
gray_hair,360636
animal_ears,361362
horns,357874
blonde_hair,359947
school_uniform,361362
blush,359315
stockings,360434
red_hair,358347
navel,357864
ling_dianxia,356313
see_through,356674
pajamas,361525
fish,359698
dongchuan,358975
tree,358660
penis,361411
group,357878
pantyhose,355651
bed,355893
windmill,359370
original,360918
tree,361526
guichen_(azur_lane),361526
navel,361525
nipples,363302
apron,357878
short_hair,359969
azarashi_soft,356674
black_hair,357706
underwear,363197
long_hair,359161
blush,359161
skirt,358363
yellow_eyes,357055
close,357543
group,360636
bottomless,361267
blonde_hair,358975
nipples,360390
kamue,355599
white_hair,355633
blue_archive,360636
purple_hair,357317
gloves,362447
third-party_edit,358660
original,359884
original,355683
bikini_top,359947
logo,357874
kashima_(kancolle),357219
shirt,361267
headdress,356827
clouds,359370
black_hair,363317
breasts,361526
spread_legs,358170
saiba_midori,357878
nude,360835
drink,358347
stockings,359969
ponytail,359884
bow,361411
purple_eyes,356827
open_shirt,361525
hoodie,358170
purple_eyes,360390
bow,361267
gloves,357706
cameltoe,359598
hat,362447
thighhighs,359969
thighhighs,363352
bingchuan_xian_yu_huang,363458
blue_eyes,359884
clouds,360636
blonde_hair,355824
tail,363278
long_hair,357672
blush,357672
nipples,357913
pussy,362362
long_hair,362138
blush,362138
gloves,363317
purple_eyes,357864
virtual_esports_project,360403
sunglasses,362447
socks,355739
pointed_ears,359698
blue_archive,361362
animal_ears,356313
skirt,359884
long_hair,359370
2girls,357864
blush,359370
panties,363352
arknights,359947
maid,357878
petals,359315
baobhan_sith_(fate),357455
shiranui_flare,358361
bell,361388
water,360636
muelsyse_(arknights),357208
topless,363458
nyan_(reinyan_007),358363
wristwear,360434
fingering,355893
ass,359598
garter,363317
crown,355824
underwear,359483
juejue,357208
sex,361411
mullpull,357317
short_hair,359000
long_hair,363260
sky,357874
japanese_clothes,358347
kantai_collection,363317
ponytail,357878
pink_hair,355893
pantyhose,359884
skirt,362318
2girls,361008
mobius_(honkai_impact),355700
ass,361008
red_eyes,359598
long_hair,355689
brown_hair,361894
penis,355822
3d,359884
bikini,361146
ribbons,359000
barefoot,355700
no_bra,363302
navel,363134
purple_eyes,358361
tail,359201
anthropomorphism,355633
bikini,361267
aqua_eyes,359201
brown_hair,360294
breasts,363302
dress,358975
senran_kagura,360434
nipples,357219
brown_hair,362774
foxgirl,357864
red_eyes,361008
fang,359315
bottomless,355822
signed,361146
leotard,357864
pink_hair,358363
nude,357219
breasts,360390
drink,359161
open_shirt,360906
blue_hair,363352
clouds,361388
wristwear,359884
green_eyes,358363
garter_belt,363260
ikaruga_(senran_kagura),360434
hatsuzuki_(kancolle),363317
yuita_(yuita17),361525
k_ryo,355739
hat,358975
uncensored,362362
water,361146
pink_eyes,355893
uncensored,360906
pussy,355651
open_shirt,363134
school_uniform,355488
butterfly,358347
nipples,355488
angel,357055
araneesama,363134
gloves,355824
petals,362138
shorts,362447
hitachi_sou,363197
long_hair,361146
blush,361146
dress,355824
long_hair,355633
gray_hair,357219
game_console,361203
bed,363260
blush,361411
passenger_(arknights),357874
petals,359370
nipples,363458
penis,360906
underwear,363317
kimono,360432
breasts,359598
long_hair,361267
blush,361267
foxgirl,358361
pubic_hair,361894
ass,357317
carnelian,363302
animal,357878
purple_eyes,362362
third-party_edit,359598
long_hair,361388
blush,361388
no_bra,356313
bow,359483
nagiha_kuten,357672
re:shimashima,363260
original,357560
sooon,361146
flowers,357874
shorts,357706
strawberry,357878
breasts,361008
wristwear,358660
nipples,355599
swim_ring,360390
original,360390
kazane-wind,358170
flat_chest,361203
nude,361894
tagme_(artist),359000
catgirl,360636
swimsuit,359598
white,355689
wink,362447
wings,363458
yelan_(genshin_impact),355599
blush,356827
skirt,361362
fukuinu,356827
nude,355599
gag,357455
reflection,362774
honkai_impact,355700
all_male,357874
arknights,359969
tie,359884
flowers,357864
navel,359698
cameltoe,359201
garter_belt,363302
swimsuit,361008
animal_ears,359201
red_eyes,363278
aruka_(alka_p1),360636
barefoot,359969
pointed_ears,360636
blue_eyes,360835
wings,360294
long_hair,363197
izayoi_nonomi,360636
cameltoe,355651
fellatio,355822
arknights,362318
kneehighs,357913
breasts,357219
thighhighs,357864
instrument,356313
sky,359738
original,357913
underwear,361203
anus,355599
sakura_miko,358361
cleavage,360636
anthropomorphism,357219
cape,357706
short_hair,358361
animal,361362
catgirl,361362
barefoot,362138
boots,362318
black_hair,355689
beach,361008
the_emperor_(arknights),362447
ponytail,357913
ass,359201
green_eyes,357878
loli,363278
blue_archive,363458
chongyun_(genshin_impact),359698
orange_eyes,360636
bow,363317
no_bra,355488
azur_lane,361526
strawberry,361362
sex,362362
213_gou,357055
ribbons,358361
hololive,358361
klein_(honkai_impact),355700
breasts,355488
computer,357672
2girls,355651
close,359969
pink_hair,360636
nyansan_oekaki,359698
blue_archive,357055
breast_hold,360390
petals,361388
catgirl,357560
skirt_lift,356827
hoodie,357874
long_hair,357543
panties,361525
breasts,363458
wink,355700
tree,362774
bikini,359738
night,360434
dehya_(genshin_impact),362774
desert,362774
pink_eyes,357878
halo,355893
aqua_eyes,357878
shade,362774
gloves,359000
nipples,357208
zettai_ryouiki,357317
dress,359000
upskirt,359483
breasts,355599
braids,362774
blush,359483
dark_skin,355822
horns,359884
couch,363197
okpriko,355822
nude,357208
bathtub,359598
apron,363317
ass,358363
open_shirt,355683
aqua_eyes,360636
see_through,355651
animal,359598
underwear,363352
rope,360918
red_eyes,359698
signed,363134
pink_eyes,359000
swim_ring,362362
crying,362318
music,360294
food,359161
hat,359000
omone_hokoma_agm,359969
perseus_(azur_lane),359000
3d,356313
gray_hair,358170
panties,359483
blonde_hair,361008
anthropomorphism,363317
twintails,359947
blush,359738
long_hair,362447
blush,362447
uncensored,359969
cube,355488
blush,360906
nipples,359161
ropu_(ropu_10),359315
summer_dress,359370
brown_hair,363260
blonde_hair,358361
bow,355824
watermark,361388
nude,359161
bed,357219
genshin_impact,355651
kuroduki,362447
skirt,357317
long_hair,357706
underwear,356674
navel,360636
original,360294
purple_eyes,359884
okpriko,360906
blue_hair,360432
gloves,357874
bunnygirl,363352
jean_gunnhildr,355651
spread_legs,359483
sky,360434
see_through,360434
elbow_gloves,363317
saiba_momoi,357878
blue_archive,358170
tsuji_santa,359598
ponytail,362774
shirt,355683
shiroko_(terror)_(blue_archive),358170
beidou_(genshin_impact),358660
bandage,362774
gray_hair,359161
animal_ears,357672
purple_hair,361388
water,358347
night,358660
pantyhose,357317
kantoku,355488
clouds,358975
tiara,355700
bunnygirl,362318
tail,357560
blue_hair,359483
original,359201
demon,359315
spread_legs,362362
night,361526
fanteam,361267
long_hair,358347
topless,355633
sketch,355415
spread_legs,360906
pussy,363302
honkai_(series),355700
brown_eyes,355683
brown_eyes,359884
gray_hair,359969
breasts,357208
white_hair,362318
shirasu_azusa,363458
paimon_(genshin_impact),359698
swimsuit,359698
headdress,357878
tattoo,359315
cameltoe,360636
green_eyes,356313
kaga_sumire,360403
brown_hair,361411
green_eyes,361008
breasts,359315
animal_ears,360636
long_hair,355700
aqua_eyes,360403
short_hair,359698
bed,355599
arknights,356313
purple_eyes,357878
wristwear,357317
mankai_kaika,361894
iandrea,362774
sakura_miko,358363
wings,359370
pantyhose,357055
blush,358975
dress,356313
kashiwamochi_yomogi,357560
tears,362318
navel,357560
halo,357878
shade,359161
gray_eyes,359884
cat,357878
twintails,360918
halo,361526
long_hair,361203
tsunomaki_watame,358975
long_hair,358170
breasts,359161
ribbons,358363
animal,360294
flowers,355739
misono_mika,357055
anthropomorphism,359161
hololive,358363
flowers,360434
japanese_clothes,360432
elbow_gloves,359315
kamitsubaki_studio,355415
atlanta_(kancolle),363302
hoshimachi_suisei,358361
panties,355893
elbow_gloves,355824
signed,360918
cum,355689
open_shirt,363302
wink,359000
red_eyes,360636
blush,355824
black_hair,359738
sky,358660
thighhighs,358363
original,359315
game_console,358361
necklace,359884
shimoe_koharu,355893
syurimp,360403
succubus,359315
panty_&_stocking_with_garterbelt,357317
loli,357878
bow,359000
uncensored,363302
sky,361526
see_through,361526
signed,355683
demon,359370
glasses,360906
klee_(genshin_impact),359698
black_hair,363134
animal_ears,357560
short_hair,359884
panties,358363
tie,357317
dark_skin,355824
breasts,357672
panties,360434
okpriko,355824
ice_cream,362447
barbara_pegg,355651
shorts,357874
halo,361362
breasts,359370
genshin_impact,358660
tsukiyuki_miyako,362362
ebifurya,357219
cat,361362
underwater,359698
twintails,356674
pink_hair,357055
ass,355633
purple_eyes,363302
red_eyes,361362
pussy,357219
blue_archive,355689
blush,355683
underwear,361525
aqua_eyes,357317
blonde_hair,359698
nopan,358347
aliasing,363278
brown_hair,357543
green_eyes,355599
cunnilingus,360906
breasts,363260
animal,359698
breasts,360636
no_bra,355689
blue_hair,361203
spread_legs,360434
red_eyes,355633
skirt_lift,358363
fang,359947
signed,358660
collar,363278
breasts,355689
red_eyes,357560
yellow_eyes,359947
navel,357219
nipples,363197
long_hair,362318
short_hair,357878
twintails,359000
panties,355683
hat,363134
kal'tsit_(arknights),359969
ningguang_(genshin_impact),358660
original,357672
watermelon,361008
swimsuit,360636
cape,357874
bow,356827
drink,361203
collar,360294
ribbons,357878
original,359370
white_hair,357864
long_hair,356674
short_hair,360636
purple_eyes,357913
gloves,359201
see_through,363302
kal'tsit_(arknights),362318
stars,357874
tail,357706
2girls,357913
wristwear,357208
bra,363317
pussy,361894
blue_archive,361267
pointed_ears,357208
microphone,361203
cat,359598
choker,355824
pussy,355599
green_hair,361525
thighhighs,357878
blue_eyes,362138
original,363260
shirt,361525
heart,361008
blonde_hair,355683
mostima_(arknights),362447
lirseven,357874
blue_eyes,359370
breasts,361146
stockings,363260
red_eyes,357913
breasts,361411
braids,361267
school_uniform,355822
multiple_tails,357864
formidable_(azur_lane),359161
cleavage,359315
clouds,361146
ponytail,360636
wet,355683
underboob,362362
ball,360390
black_hair,360434
long_hair,359000
black_hair,355824
green_eyes,359698
blue_archive,356827
barefoot,355893
fruit,361008
shirt,358361
kanola_u,357913
bed,357672
navel,360294
sketch,360390
cheerleader,357913
short_hair,361362
sunaookami_shiroko,360636
bed,362138
saratoga_(azur_lane),359000
see_through,359598
twins,357878
twintails,356827
torn_clothes,355689
kawawa_shizuko,356827
hoodie,362318
see_through,357913
hat,355893
bow,358361
hoshimachi_suisei,361203
flowers,361362
swimsuit,357560
skirt,360636
black_hair,360918
drink,359884
gray_hair,358361
clouds,357874
close,355651
food,362447
arknights,357208
red_hair,357878
bra,361203
penis,362362
fang,360918
nopan,359969
no_bra,363197
skirt_lift,357878
blonde_hair,357878
fouriasensei,359161
2girls,357317
original,361146
zettai_ryouiki,361388
realistic,358660
breasts,363197
pool,360390
omaru_polka,358361
purple_eyes,355488
choker,362318
nipples,361894
ass,355488
water,360390
aqua_eyes,358170
bikini,359598
original,361388
ponytail,361411
short_hair,360403
azur_lane,359161
purple_eyes,363458
pantyhose,355689
white_hair,362362
underwear,359201
animal_ears,357706
long_hair,357874
pointed_ears,359370
building,358660
no-kan,357455
sword,361388
long_hair,356827
twintails,361008
blush,360390
bottomless,363134
male,357874
reflection,357706
wakasagihime,360432
bikini,361008
headdress,362774
water,357864
super_sonico,359598
ponytail,360835
white_hair,363278
pussy,357208
building,361526
bow,359738
ass,361894
necklace,356313
cleavage,359370
shaggy_susu,361411
drink,357878
dress,359884
game_cg,355488
wings,357055
summer_dress,358975
nipples,363317
shoujo_ai,362318
panties,363302
ass,355599
underwear,355893
aqua_hair,358361
2girls,362774
signed,361008
long_hair,357864
long_hair,357455
shower,359598
kinoko_(shikimylove),361203
stocking_(character),357317
collar,359884
garter,359884
black_hair,357878
skirt,361388
uniform,363302
bed,355633
original,363197
blue_eyes,357874
cage,360294
apron,359483
navel,357208
tendou_arisu_(blue_archive),357878
drink,359000
navel,359315
long_hair,361525
blush,361525
classic_(zildjian33),355633
pussy,359161
breasts,359483
thighhighs,357913
underwear,358363
long_hair,361008
blue_archive,362362
blush,361008
underboob,360434
underwear,360434
brown_eyes,360294
breast_hold,363302
water,360432
brown_eyes,362774
white_hair,359201
dress,358660
animal_ears,358975
catgirl,361411
shorts,361203
feathers,357055
horns,359315
dress,357878
long_hair,358361
blush,358361
sky,360294
green_eyes,360636
sky,362774
dress,361526
book,361894
blonde_hair,360835
kneehighs,358361
kal'tsit_(arknights),356313
wristwear,361146
aqua_eyes,357672
tail,362138
sara_(amakano_2+),356674
kami-sama_no_you_na_kimi_e,355488
animal_ears,358170
heart,355893
headphones,357878
wet,360390
cherry_blossoms,355739
uncensored,357208
chinese_clothes,360434
signed,357317
original,355822
tail,359370
red_eyes,358347
clouds,359738
aliasing,360636
breasts,361894
bandaid,358361
smoking,358660
bikini,363458
game_console,357878
dark_skin,358361
bicolored_eyes,359315
cleavage,361146
foxgirl,359201
weapon,361388
black_hair,361362
ponytail,355822
necklace,363458
short_hair,355488
genshin_impact,355599
swimsuit,363458
halo,359698
underwear,355683
genshin_impact,362774
water,362362
blue_eyes,357543
brown_hair,362318
panty_pull,363352
water,359738
skirt_lift,357913
blonde_hair,357913
petals,357455
wet,359598
shorts,360918
breasts,363317
thighhighs,357317
long_hair,362362
blush,362362
sunglasses,360636
swim_ring,363458
condom,355683
azur_lane,355633
sora_(arknights),359947
close,363260
green_eyes,361146
pink_hair,361267
blue_eyes,359483
short_hair,355599
bow,358363
thighhighs,355488
glasses,357560
barefoot,361362
no_bra,358347
bed,357543
green_eyes,361267
lynette_(genshin_impact),361411
long_hair,363278
blush,363278
pointed_ears,357455
sky,359698
original,361894
hoodie,358361
breasts,358347
censored,357219
loli,359698
collar,361362
dev,355893
flowers,355599
flowers,360294
f_(milfaaaaa),359201
horns,359370
gloves,363302
scan,359598
brown_eyes,357208
animal_ears,363352
shirosato,360432
cleavage,357455
pink_hair,357874
bell,358363
waifu2x,355893
nipples,363352
paper,361203
short_hair,363317
urine,356827
no_bra,358975
blue_eyes,359738
water,359947
twintails,355893
drink,361008
catgirl,357543
blue_eyes,360906
maid,363317
shirt,359884
sword,357706
liya,359738
thighhighs,360294
tail,361411
carnelian,363317
bath,359598
animal_ears,362138
school_uniform,362318
censored,355488
genshin_impact,359698
red_eyes,359161
blue_eyes,363134
kantai_collection,363302
pink_eyes,361388
blonde_hair,357317
pink_hair,357455
bow,359884
bikini,359698
breasts,358170
aqua_hair,359698
christmas,359884
pussy,361411
long_hair,359201
gray_hair,359884
fang,361008
twintails,358363
thighhighs,363317
blonde_hair,355488
cake,361362
open_shirt,355689
anus,359969
scylla_(azur_lane),355633
original,358347
censored,361894
cleavage,357543
barefoot,359598
short_hair,358975
breasts,355824
bell,359884
wristwear,359483
striped_panties,363317
gym_uniform,360918
navel,361146
aida_(chinhung0612),357878
swimsuit,358170
headphones,359598
undressing,363197
nico_robin,363134
white_hair,358660
panties,359201
long_hair,355893
blush,355893
penguin,362447
animal,362447
barefoot,361008
cat_smile,359315
hololive,358975
swim_ring,359698
tail,357864
purple_eyes,363260
close,360403
cielo_(cielo000328),359483
satsuki_yukimi_(vtuber),357543
garter,356313
brown_hair,356827
fruit,357878
brown_hair,360390
texas_(arknights),357706
gray_hair,356674
gray_hair,358660
masturbation,355893
spread_pussy,355651
short_hair,359315
bow,357878
umbrella,359738
halo,360636
ass,355689
underwear,363302
long_hair,358363
blush,358363
gray_hair,361526
police,357317
stars,358660
ponytail,361203
long_hair,360434
boat,358347
halo,355689
black_hair,355488
no_bra,363352
tie,355822
flowers,359315
cleavage,359738
brown_hair,357864
loli,362138
sky,359370
thighhighs,358170
wings,359000
breasts,363352
lumine_(genshin_impact),359698
original,355824
stars,361526
red_eyes,355689
building,360294
weapon,357706
blue_eyes,361203
animal_ears,361411
spread_legs,355651
building,362774
sunaookami_shiroko,358170
nipples,361411
erect_nipples,363134
choker,362774
gym_uniform,356674
uncensored,360835
sky,360636
boots,357317
blue_archive,357878
kantai_collection,357219
coca_cola,357672
white,355651
kneehighs,360918
blue_eyes,360434
fate_(series),357455
blue_eyes,355824
admiral_hipper_(azur_lane),361008
sketch,357878
building,359201
purple_eyes,361411
wristwear,359947
garter_belt,360434
pubic_hair,360390
panties,359315
red_hair,359698
tattoo,358660
penis,360835
green_eyes,361894
hat,357317
fruit,361362
long_hair,355683
ball,360636
long_hair,359884
arknights,362447
wristwear,358347
open_shirt,363197
male,359884
hoodie,359698
cleavage,359947
hat,355488
halo,361267
carnelian,363352
shirt,363302
nude,360390
original,363352
anthropomorphism,361526
dress,357055
cleavage,358347
twintails,360636
animal_ears,357864
arknights,357706
gloves,360294
takanashi_hoshino,360636
couch,358363
gloves,362774
bikini,360636
barefoot,355599
dress,362774
fujimori_shiki,361388
niphae_(vtuber),357864
aqua_eyes,362447
green_eyes,363317
boots,362774
blonde_hair,359315
original,362138
petals,355739
petals,360434
anthropomorphism,359000
flowers,359370
rainbow,359370
food,361008
sky,361146
dark,362318
jeze,361526
garter_belt,359969
garter,362774
wolfgirl,360636
hat,360294
long_hair,358660
striped_panties,363352
pussy,360906
tears,360835
see_through,361267
long_hair,357878
blush,357878
shirt,359598
sky,361388
hanaoka_yuzu,357878
bluecher_(azur_lane),361008
gray_hair,360403
long_hair,361526
watermark,355651
blue_eyes,362318
crown,359315
breast_hold,359161
bed,355683
animal_ears,358361
okusora_ayane,360636
choker,357208
school_uniform,358361
uncensored,355822
fan,359000
bed,359969
animal_ears,357543
red_eyes,357864
blush,363260
kyouyama_kazusa,361362
hoodie,359884
blush,360636
shirogane_noel,358361
z282g,355651
genshin_impact,361411
cleavage,355824
freshylulu_m,360294
brown_eyes,363197
book,357874
kasoku_souchi,355415
cameltoe,359483
penis,357219
twintails,363302
sonico,359598
gray_hair,356313
whois,357864
blue_eyes,361526
genshin_impact,360835
bikini,357560
swimsuit,361146
catgirl,359969
nipples,359483
horns,362447
tuzhate,362318
panties,363260
anthropomorphism,363302
barefoot,359698
shorts,357317
2girls,355822
pantyhose,362318
swimsuit,361267
amakano_2+,356674
tie,361203
fellatio,360835
jean_gunnhildr,360835
panties,355689
tan_lines,363134
blonde_hair,362138
garter,359698
penis,355488
hat,359698
catgirl,362318
blush,361362
pubic_hair,360906
waero,362362
no_bra,357455
nipples,362362
navel,359947
gloves,359315
breasts,357864
city,359201
cleavage,355683
collar,358170
breasts,357455
nipples,360906
swimsuit,356827
tsukatsuki_rio,355689
shirt,357317
uncensored,355599
bottomless,355488
angel,360294
flowers,361388
animal_ears,363278
wink,357317
wristwear,362318
short_hair,357874
breast_hold,360636
mermaid,360432
long_hair,363302
no_bra,361525
blush,363302
long_hair,357560
nipples,363134
group,358361
open_shirt,363317
aqua_hair,357913
cherry_blossoms,360294
hoodie,360636
shade,361008
breasts,361525
drink,357672
sciamano240,358660
blush,360835
thighhighs,361388
ribbons,356827
cum,355488
phone,362362
panties,355633
anthropomorphism,361008
pussy_juice,355822
rana_liddell-hart,355488
green_eyes,359969
blush,360403
braids,358361
black_hair,357672
satsuki_yukimi,357543
bird,360294
nopan,361526
bow,363458
ponytail,360390
navel,361203
underwear,355700
animal_ears,359947
breasts,357543
chixiao,358347
sex,357219
navel,358170
gray_hair,363458
okpriko,360835
close,355415
open_shirt,355700
ribbons,357455
horns,358975
harusaruhi,355415
piano,356313
bikini_top,360636
bra,355683
long_hair,359598
blush,359598
yaegashi_nan,360434
water,361008
purple_hair,359884
twintails,357219
hoodie,361362
panty_(character),357317
long_hair,357913
blush,357913
itsuki_jun,355683
couch,361362
bow,360294
tang-du,358361
breast_hold,361146
bunny_ears,363352
black_hair,360636
thighhighs,357455
sketch,357317
blonde_hair,361146
long_hair,356313
shorts,355893
original,361525
ice_cream,357878
one_piece,363134
open_shirt,361203
mirror,357706
sex,355488
fang,360636
animated,362362
peas_(peas0125),362138
brown_eyes,357706
signed,357219
glasses,360636
dress,359370
fate/grand_order,357455
yellow_eyes,360636
censored,356827
panties,363197
headphones,357672
bunny_ears,362318
couch,357560
underwear,359315
pussy,359969
pussy,363352
cheshire_(azur_lane),359000
breasts,362362
mankai_kaika,360390
breasts,359738
brown_hair,359884
bra,356674
breasts,360906
game_console,362138
no_bra,363278
purple_eyes,358975
green_hair,355700
pink_hair,359000
sketch,361894
braids,363278
dunyarzad_(genshin_impact),362774
ponytail,358361
no_bra,363134
azur_lane,359000
lrh0123,355700
maid,359483
long_hair,357219
wings,355893
school_uniform,355739
breasts,363134
aqua_eyes,356674
swimsuit,362362
original,359483
spread_legs,357913
necklace,362447
swimsuit,359738
kimono,358347
hat,360636
twintails,360294
bed,361525
blonde_hair,363197
long_hair,357317
blush,357317
phone,361203
short_hair,359738
bow,359698
skirt,358361
purple_hair,359000
thighhighs,359483
water,363458
uncensored,359161
clouds,360294
gray_hair,359698
swimsuit,363134
long_hair,355488
clouds,362774
