pid,tags,link,path,status,time
359784,bed black_hair blush breasts cleavage demon dress horns kudou_(sikisiki0000) long_hair original petals pointed_ears red_eyes succubus tail wings,https://konachan.com/jpeg/c0f15da05fb27857c3d94b29bca5d543/Konachan.com%20-%20359784%20bed%20black_hair%20blush%20breasts%20cleavage%20demon%20dress%20horns%20kudou_%28sikisiki0000%29%20long_hair%20original%20petals%20pointed_ears%20red_eyes%20succubus%20tail%20wings.jpg,/mnt/f/database_learn/k_spider/pictures12/359784.jpg,1,2023-10-04 00:49:29
359706,blush bow bunny demon fang gloves gray_hair headdress karunabaru loli lolita_fashion long_hair maid makaino_ririmu nijisanji pointed_ears red_eyes ribbons,https://konachan.com/jpeg/0f578167563f53e23d60e7c01a77b623/Konachan.com%20-%20359706%20blush%20bow%20bunny%20demon%20fang%20gloves%20gray_hair%20headdress%20karunabaru%20loli%20lolita_fashion%20long_hair%20maid%20nijisanji%20pointed_ears%20red_eyes%20ribbons.jpg,/mnt/f/database_learn/k_spider/pictures12/359706.jpg,1,2023-10-04 00:49:29
356682,amakano_2 amakano_2+ animal_ears azarashi_soft breasts brown_hair bunny_ears bunnygirl censored cum game_cg headband kurohime_yuuhi leotard long_hair masturbation nipples pantyhose penis piromizu red_eyes tail tie,https://konachan.com/jpeg/62ca6280959698e9e5289b47c0eb4827/Konachan.com%20-%20356682%20amakano_2%20amakano_2%2B%20breasts%20bunny_ears%20bunnygirl%20censored%20cum%20game_cg%20headband%20leotard%20long_hair%20nipples%20pantyhose%20penis%20piromizu%20red_eyes%20tail%20tie.jpg,/mnt/f/database_learn/k_spider/pictures12/356682.jpg,1,2023-10-04 00:49:29
363030,animal animal_ears black_hair blush breasts cat_smile cleavage collar fang garter green_eyes long_hair night nyxiena sahara1127 sky stars tail thighhighs tree,https://konachan.com/image/4cd18e51b7a25937896adac5656243a9/Konachan.com%20-%20363030%20animal%20black_hair%20blush%20breasts%20cat_smile%20cleavage%20collar%20fang%20garter%20green_eyes%20long_hair%20night%20nyxiena%20sahara1127%20sky%20stars%20tail%20thighhighs%20tree.jpg,/mnt/f/database_learn/k_spider/pictures12/363030.jpg,1,2023-10-04 00:49:29
359772,2girls animal barefoot bat bed bird blonde_hair bondage choker fang flowers heart horns loli long_hair magic moon moyamoya_(moya11158375) navel night original pink_hair purple_eyes sakurada_hane short_hair spread_legs wings yellow_eyes,https://konachan.com/image/9bb122078462772cab6c3c07dde55111/Konachan.com%20-%20359772%202girls%20animal%20barefoot%20bat%20bed%20bird%20bondage%20choker%20fang%20flowers%20heart%20horns%20loli%20long_hair%20magic%20moon%20navel%20night%20original%20pink_hair%20short_hair%20wings.jpg,/mnt/f/database_learn/k_spider/pictures12/359772.jpg,1,2023-10-04 00:49:29
359784,bed black_hair blush breasts cleavage demon dress horns kudou_(sikisiki0000) long_hair original petals pointed_ears red_eyes succubus tail wings,https://konachan.com/jpeg/c0f15da05fb27857c3d94b29bca5d543/Konachan.com%20-%20359784%20bed%20black_hair%20blush%20breasts%20cleavage%20demon%20dress%20horns%20kudou_%28sikisiki0000%29%20long_hair%20original%20petals%20pointed_ears%20red_eyes%20succubus%20tail%20wings.jpg,/mnt/f/database_learn/k_spider/pictures12/359784.jpg,1,2023-10-04 00:49:29
359706,blush bow bunny demon fang gloves gray_hair headdress karunabaru loli lolita_fashion long_hair maid makaino_ririmu nijisanji pointed_ears red_eyes ribbons,https://konachan.com/jpeg/0f578167563f53e23d60e7c01a77b623/Konachan.com%20-%20359706%20blush%20bow%20bunny%20demon%20fang%20gloves%20gray_hair%20headdress%20karunabaru%20loli%20lolita_fashion%20long_hair%20maid%20nijisanji%20pointed_ears%20red_eyes%20ribbons.jpg,/mnt/f/database_learn/k_spider/pictures12/359706.jpg,1,2023-10-04 00:49:29
356682,amakano_2 amakano_2+ animal_ears azarashi_soft breasts brown_hair bunny_ears bunnygirl censored cum game_cg headband kurohime_yuuhi leotard long_hair masturbation nipples pantyhose penis piromizu red_eyes tail tie,https://konachan.com/jpeg/62ca6280959698e9e5289b47c0eb4827/Konachan.com%20-%20356682%20amakano_2%20amakano_2%2B%20breasts%20bunny_ears%20bunnygirl%20censored%20cum%20game_cg%20headband%20leotard%20long_hair%20nipples%20pantyhose%20penis%20piromizu%20red_eyes%20tail%20tie.jpg,/mnt/f/database_learn/k_spider/pictures12/356682.jpg,1,2023-10-04 00:49:29
363030,animal animal_ears black_hair blush breasts cat_smile cleavage collar fang garter green_eyes long_hair night nyxiena sahara1127 sky stars tail thighhighs tree,https://konachan.com/image/4cd18e51b7a25937896adac5656243a9/Konachan.com%20-%20363030%20animal%20black_hair%20blush%20breasts%20cat_smile%20cleavage%20collar%20fang%20garter%20green_eyes%20long_hair%20night%20nyxiena%20sahara1127%20sky%20stars%20tail%20thighhighs%20tree.jpg,/mnt/f/database_learn/k_spider/pictures12/363030.jpg,1,2023-10-04 00:49:29
359772,2girls animal barefoot bat bed bird blonde_hair bondage choker fang flowers heart horns loli long_hair magic moon moyamoya_(moya11158375) navel night original pink_hair purple_eyes sakurada_hane short_hair spread_legs wings yellow_eyes,https://konachan.com/image/9bb122078462772cab6c3c07dde55111/Konachan.com%20-%20359772%202girls%20animal%20barefoot%20bat%20bed%20bird%20bondage%20choker%20fang%20flowers%20heart%20horns%20loli%20long_hair%20magic%20moon%20navel%20night%20original%20pink_hair%20short_hair%20wings.jpg,/mnt/f/database_learn/k_spider/pictures12/359772.jpg,1,2023-10-04 00:49:29
362901,2girls asa_no_ha black_hair blue_eyes blush bow breasts brown_eyes brown_hair nipples no_bra open_shirt original panties pantyhose ponytail skirt underwear uniform upskirt wet,https://konachan.com/image/b5344771156eafbfe70e7664d598eafd/Konachan.com%20-%20362901%202girls%20asa_no_ha%20blue_eyes%20blush%20bow%20breasts%20nipples%20no_bra%20open_shirt%20original%20panties%20pantyhose%20ponytail%20skirt%20underwear%20uniform%20upskirt%20wet.jpg,/mnt/f/database_learn/k_spider/pictures12/362901.jpg,1,2023-10-04 00:49:37
355830,aqua_eyes aqua_hair aqua_(konosuba) blush bra cameltoe choker garter icetea774 kono_subarashii_sekai_ni_shukufuku_wo! long_hair navel sketch spread_legs underwear,https://konachan.com/jpeg/d116dae39cac4cfa8748f3c7ea7d6564/Konachan.com%20-%20355830%20aqua_%28konosuba%29%20aqua_eyes%20aqua_hair%20blush%20bra%20cameltoe%20choker%20garter%20icetea774%20long_hair%20navel%20sketch%20spread_legs%20underwear.jpg,/mnt/f/database_learn/k_spider/pictures12/355830.jpg,1,2023-10-04 00:49:37
360293,black_hair blush bow close clouds green_eyes long_hair minami_saki original ponytail school_uniform shirt sky,https://konachan.com/jpeg/1760aa36c3f40d1095620e7362014ce1/Konachan.com%20-%20360293%20black_hair%20blush%20bow%20close%20clouds%20green_eyes%20long_hair%20minami_saki%20original%20ponytail%20school_uniform%20shirt%20sky.jpg,/mnt/f/database_learn/k_spider/pictures12/360293.jpg,1,2023-10-04 00:49:37
361223,animal_ears blush bow breasts brown_eyes cleavage dress fang garter headdress kofuyu_(cofyuuun) long_hair original pink_hair thighhighs twintails,https://konachan.com/jpeg/cf69631dd5ed1153f0f8058df6c0a986/Konachan.com%20-%20361223%20animal_ears%20blush%20bow%20breasts%20brown_eyes%20cleavage%20dress%20fang%20garter%20headdress%20kofuyu_%28cofyuuun%29%20long_hair%20original%20pink_hair%20thighhighs%20twintails.jpg,/mnt/f/database_learn/k_spider/pictures12/361223.jpg,1,2023-10-04 00:49:46
362276,black_hair blush breasts chitanda_eru hyouka mery_(apfl0515) nude onsen purple_eyes signed towel water white,https://konachan.com/jpeg/ac200d2d1e368b307423dc1f1e99a214/Konachan.com%20-%20362276%20black_hair%20blush%20breasts%20chitanda_eru%20hyouka%20mery_%28apfl0515%29%20nude%20onsen%20purple_eyes%20signed%20towel%20water%20white.jpg,/mnt/f/database_learn/k_spider/pictures12/362276.jpg,1,2023-10-04 00:49:46
356852,anal animal_ears ass breasts catgirl choker cona_ember cosplay dark_skin gray_hair headband kkamja nude original ponytail tail yellow_eyes,https://konachan.com/jpeg/76c3f44e058a9ce08d94aa18c49530d0/Konachan.com%20-%20356852%20anal%20animal_ears%20ass%20breasts%20catgirl%20choker%20cona_ember%20cosplay%20dark_skin%20gray_hair%20headband%20kkamja%20nude%20original%20ponytail%20tail%20yellow_eyes.jpg,/mnt/f/database_learn/k_spider/pictures12/356852.jpg,1,2023-10-04 00:49:46
356476,armor gray_hair guihuo_inferno long_hair moon original skintight space stars sword weapon,https://konachan.com/image/6c7cc718a31e9c63d933f0b09bbe0421/Konachan.com%20-%20356476%20armor%20gray_hair%20guihuo_inferno%20long_hair%20moon%20original%20skintight%20space%20stars%20sword%20weapon.jpg,/mnt/f/database_learn/k_spider/pictures12/356476.jpg,1,2023-10-04 00:49:46
359712,ahri_(league_of_legends) animal_ears aqua_eyes bell breasts brown_hair christmas cian_yo foxgirl league_of_legends long_hair multiple_tails no_bra ribbons signed tail,https://konachan.com/image/df05754196ad1a834616122678f30370/Konachan.com%20-%20359712%20animal_ears%20aqua_eyes%20bell%20breasts%20brown_hair%20christmas%20cian_yo%20foxgirl%20league_of_legends%20long_hair%20multiple_tails%20no_bra%20ribbons%20signed%20tail.jpg,/mnt/f/database_learn/k_spider/pictures12/359712.jpg,1,2023-10-04 00:49:46
359921,amatsuji blush gray_hair long_hair navel orikasa_tei school_uniform skirt thighhighs zettai_ryouiki,https://konachan.com/jpeg/df9299eea80fc9b172e70a80372eb952/Konachan.com%20-%20359921%20amatsuji%20blush%20gray_hair%20long_hair%20navel%20orikasa_tei%20school_uniform%20skirt%20thighhighs%20zettai_ryouiki.jpg,/mnt/f/database_learn/k_spider/pictures12/359921.jpg,1,2023-10-04 00:49:55
355732,airship clouds landscape noba original scenic watermark,https://konachan.com/image/aa2475b66778d550befc458ee64df7b8/Konachan.com%20-%20355732%20airship%20clouds%20landscape%20noba%20original%20scenic%20watermark.jpg,/mnt/f/database_learn/k_spider/pictures12/355732.jpg,1,2023-10-04 00:49:55
358542,aqua_eyes blue_hair blush bottomless bra breasts gradient kurokawa_akane machi_(7769) open_shirt oshi_no_ko pussy short_hair third-party_edit uncensored underwear white,https://konachan.com/jpeg/f006bcf33cb67f93e93161840cfea7c9/Konachan.com%20-%20358542%20aqua_eyes%20blue_hair%20blush%20bottomless%20bra%20breasts%20gradient%20machi_%287769%29%20open_shirt%20oshi_no_ko%20pussy%20short_hair%20uncensored%20underwear%20white.jpg,/mnt/f/database_learn/k_spider/pictures12/358542.jpg,1,2023-10-04 00:49:55
356038,anus ass barefoot blue_eyes braids breasts hololive long_hair navel ninomae_ina'nis nipples nude pointed_ears purple_hair pussy sydus twintails uncensored,https://konachan.com/image/42506bb214116a5206fdfdc2af7e410c/Konachan.com%20-%20356038%20anus%20ass%20barefoot%20blue_eyes%20braids%20breasts%20hololive%20long_hair%20navel%20nipples%20nude%20pointed_ears%20purple_hair%20pussy%20sydus%20twintails%20uncensored.jpg,/mnt/f/database_learn/k_spider/pictures12/356038.jpg,1,2023-10-04 00:49:55
357407,anus blonde_hair breasts cameltoe demon garter haiba_09 headdress leotard maid original red_hair spread_legs succubus tail thighhighs wings,https://konachan.com/jpeg/a6b9cfcce1c3c93870e03b642fb81244/Konachan.com%20-%20357407%20anus%20blonde_hair%20breasts%20cameltoe%20demon%20garter%20haiba_09%20headdress%20leotard%20maid%20original%20red_hair%20spread_legs%20succubus%20tail%20thighhighs%20wings.jpg,/mnt/f/database_learn/k_spider/pictures12/357407.jpg,1,2023-10-04 00:49:55
361875,daitai_sotogawa_(futomomo) demon hololive horns long_hair nakiri_ayame red_eyes reflection skirt water wet white white_hair wristwear,https://konachan.com/jpeg/241e25340f6d63e555caeec0f17bd590/Konachan.com%20-%20361875%20daitai_sotogawa_%28futomomo%29%20demon%20hololive%20horns%20long_hair%20nakiri_ayame%20red_eyes%20reflection%20skirt%20water%20wet%20white%20white_hair%20wristwear.jpg,/mnt/f/database_learn/k_spider/pictures12/361875.jpg,1,2023-10-04 00:50:02
361415,anal animal_ears blush bow braids breasts brown_hair catgirl fang genshin_impact long_hair lynette_(genshin_impact) nipples pantyhose penis ponytail purple_eyes pussy sex shaggy_susu tail torn_clothes uncensored,https://konachan.com/image/c415d9379cc317f5f14a418e3fbed78f/Konachan.com%20-%20361415%20anal%20blush%20bow%20braids%20breasts%20brown_hair%20catgirl%20fang%20long_hair%20nipples%20pantyhose%20penis%20ponytail%20purple_eyes%20pussy%20sex%20shaggy_susu%20tail%20uncensored.jpg,/mnt/f/database_learn/k_spider/pictures12/361415.jpg,1,2023-10-04 00:50:02
361051,2girls beach black_hair blush breasts cleavage kaedeko_(kaedelic) navel original ponytail purple_eyes red_eyes sideboob signed sky tan_lines twintails water,https://konachan.com/jpeg/353b2fa38925151e71e22b72fd9a115b/Konachan.com%20-%20361051%202girls%20beach%20black_hair%20blush%20breasts%20cleavage%20navel%20original%20ponytail%20purple_eyes%20red_eyes%20sideboob%20signed%20sky%20tan_lines%20twintails%20water.jpg,/mnt/f/database_learn/k_spider/pictures12/361051.jpg,1,2023-10-04 00:50:02
363276,panty_pull pussy spread_legs toyasu_aina uncensored,https://konachan.com/jpeg/62e9a51bb9698817f2beca00bd214ea6/Konachan.com%20-%20363276%20panty_pull%20pussy%20spread_legs%20toyasu_aina%20uncensored.jpg,/mnt/f/database_learn/k_spider/pictures12/363276.jpg,1,2023-10-04 00:50:02
356483,animal_ears aqua_eyes ball bicolored_eyes bikini bikini_top black_hair blue_archive blush breasts brown_hair building catgirl cleavage clouds drink fang food fruit gray_hair green_eyes group halo hat hoodie izayoi_nonomi kuromi_serika loli long_hair okusora_ayane pink_hair pointed_ears pool popsicle red_eyes rity short_hair shorts sky sunaookami_shiroko sunglasses swimsuit takanashi_hoshino tree twintails umbrella wolfgirl yellow_eyes,https://konachan.com/jpeg/0f8cc6dbe801764db744a2a0258ba8c0/Konachan.com%20-%20356483%20ball%20bikini%20blush%20breasts%20catgirl%20clouds%20drink%20fang%20food%20fruit%20group%20halo%20hat%20hoodie%20loli%20pool%20popsicle%20rity%20shorts%20sky%20swimsuit%20tree%20wolfgirl.jpg,/mnt/f/database_learn/k_spider/pictures12/356483.jpg,1,2023-10-04 00:50:02
